year,category,term,date,kickoffdate,homeTeam,score,awayTeam,stadiumName,visitors,other,homeTeamId,awayTeamId,competitionName,jLeagueCompetitionId,competitionId
2026,1,第１節第１日,2026/02/06,2026-02-06T19:03:00+09:00,横浜FM,2-3,町田,日産ス,30529,ＤＡＺＮ,5,45,明治安田J1百年構想 EASTグループ,35,35-E
2026,1,第１節第１日,2026/02/06,2026-02-06T19:03:00+09:00,京都,"1-1
(PK1-4)",神戸,サンガＳ,15083,ＤＡＺＮ／ＫＢＳ京都,24,18,明治安田J1百年構想 WESTグループ,35,35-W
2026,1,第１節第１日,2026/02/06,2026-02-06T19:06:00+09:00,長崎,1-3,広島,ピースタ,20134,ＤＡＺＮ／ＢＳ１０,47,10,明治安田J1百年構想 WESTグループ,35,35-W
2026,1,第１節第２日,2026/02/07,2026-02-07T13:04:00+09:00,千葉,0-2,浦和,フクアリ,16338,ＤＡＺＮ／ＮＨＫ ＢＳ,2,3,明治安田J1百年構想 EASTグループ,35,35-E
2026,1,第１節第２日,2026/02/07,2026-02-07T13:35:00+09:00,FC東京,"1-1
(PK5-4)",鹿島,味スタ,32180,ＤＡＺＮ／日本テレビ系全国ネット,22,1,明治安田J1百年構想 EASTグループ,35,35-E
2026,1,第１節第２日,2026/02/07,2026-02-07T16:03:00+09:00,C大阪,"0-0
(PK4-5)",G大阪,ヤンマー,42101,ＤＡＺＮ,20,9,明治安田J1百年構想 WESTグループ,35,35-W
2026,2,第１節第１日,2026/02/07,2026-02-07T14:03:00+09:00,横浜FC,1-2,山形,ニッパツ,7716,ＤＡＺＮ,34,29,明治安田J2・J3百年構想 EAST-Aグループ,36,36-E-A
2026,2,第１節第１日,2026/02/07,2026-02-07T14:03:00+09:00,栃木C,1-4,仙台,ＣＦＳ,3746,ＤＡＺＮ,471,54,明治安田J2・J3百年構想 EAST-Aグループ,36,36-E-A
2026,2,第１節第１日,2026/02/07,2026-02-07T14:04:00+09:00,湘南,1-2,秋田,レモンＳ,8027,ＤＡＺＮ,12,270,明治安田J2・J3百年構想 EAST-Aグループ,36,36-E-A
2026,2,第１節第１日,2026/02/07,2026-02-07T14:03:00+09:00,大宮,2-1,松本,ＮＡＣＫ,11333,ＤＡＺＮ／テレ玉,27,46,明治安田J2・J3百年構想 EAST-Bグループ,36,36-E-B
2026,2,第１節第１日,2026/02/07,2026-02-07T14:03:00+09:00,磐田,"0-0
(PK4-2)",長野,ヤマハ,11612,ＤＡＺＮ,13,274,明治安田J2・J3百年構想 EAST-Bグループ,36,36-E-B
2026,2,第１節第１日,2026/02/07,2026-02-07T14:04:00+09:00,甲府,4-1,福島,ＪＩＴス,7695,ＤＡＺＮ,28,271,明治安田J2・J3百年構想 EAST-Bグループ,36,36-E-B
2026,3,第１節第１日,2026/02/07,2026-02-07T14:03:00+09:00,奈良,0-6,徳島,ロートＦ,3223,ＤＡＺＮ,391,36,明治安田J2・J3百年構想 WEST-Aグループ,36,36-W-A
2026,3,第１節第１日,2026/02/07,2026-02-07T14:03:00+09:00,北九州,1-3,鳥取,ミクスタ,5073,ＤＡＺＮ,43,44,明治安田J2・J3百年構想 WEST-Bグループ,36,36-W-B
2026,1,第１節第３日,2026/02/08,2026-02-08T15:03:00+09:00,川崎F,5-3,柏,Ｕ等々力,22226,ＤＡＺＮ,21,11,明治安田J1百年構想 EASTグループ,35,35-E
2026,1,第１節第３日,2026/02/08,2026-02-08T16:03:00+09:00,東京V,3-1,水戸,味スタ,17941,ＤＡＺＮ,4,94,明治安田J1百年構想 EASTグループ,35,35-E
2026,1,第１節第３日,2026/02/08,2026-02-08T13:08:00+09:00,福岡,"1-1
(PK6-5)",岡山,ベススタ,10849,ＤＡＺＮ／ＮＨＫ福岡／ＮＨＫ岡山,23,42,明治安田J1百年構想 WESTグループ,35,35-W
2026,1,第１節第３日,2026/02/08,2026-02-08T14:03:00+09:00,名古屋,1-0,清水,豊田ス,38120,ＤＡＺＮ,8,7,明治安田J1百年構想 WESTグループ,35,35-W
2026,3,第１節第２日,2026/02/08,2026-02-08T00:00:00+09:00,栃木SC,中止,八戸,カンセキ,,ＤＡＺＮ,40,362,明治安田J2・J3百年構想 EAST-Aグループ,36,36-E-A
2026,3,第１節第２日,2026/02/08,2026-02-08T00:00:00+09:00,相模原,中止,群馬,ギオンス,,ＤＡＺＮ,273,35,明治安田J2・J3百年構想 EAST-Aグループ,36,36-E-A
2026,2,第１節第２日,2026/02/08,2026-02-08T13:35:00+09:00,藤枝,0-2,岐阜,藤枝サ,7678,ＤＡＺＮ／静岡第一テレビ,276,39,明治安田J2・J3百年構想 EAST-Bグループ,36,36-E-B
2026,2,第１節第２日,2026/02/08,2026-02-08T14:05:00+09:00,いわき,1-0,札幌,ハワスタ,4415,ＤＡＺＮ／札幌テレビ,386,14,明治安田J2・J3百年構想 EAST-Bグループ,36,36-E-B
2026,3,第１節第２日,2026/02/08,2026-02-08T13:08:00+09:00,愛媛,0-1,新潟,ニンスタ,4277,ＤＡＺＮ／ＮＨＫ新潟,37,78,明治安田J2・J3百年構想 WEST-Aグループ,36,36-W-A
2026,3,第１節第２日,2026/02/08,2026-02-08T14:03:00+09:00,FC大阪,0-1,讃岐,花園,2709,ＤＡＺＮ,390,48,明治安田J2・J3百年構想 WEST-Aグループ,36,36-W-A
2026,2,第１節第２日,2026/02/08,2026-02-08T14:03:00+09:00,今治,"0-0
(PK5-3)",金沢,アシさと,4291,ＤＡＺＮ,369,275,明治安田J2・J3百年構想 WEST-Aグループ,36,36-W-A
2026,3,第１節第２日,2026/02/08,2026-02-08T14:04:00+09:00,高知,3-1,富山,ギケンス,2396,ＤＡＺＮ／ＮＨＫ高知／ＮＨＫ富山,468,41,明治安田J2・J3百年構想 WEST-Aグループ,36,36-W-A
2026,3,第１節第２日,2026/02/08,2026-02-08T13:04:00+09:00,熊本,2-1,山口,えがおＳ,6598,ＤＡＺＮ,38,330,明治安田J2・J3百年構想 WEST-Bグループ,36,36-W-B
2026,3,第１節第２日,2026/02/08,2026-02-08T14:03:00+09:00,鹿児島,2-3,宮崎,白波スタ,4928,ＤＡＺＮ,338,371,明治安田J2・J3百年構想 WEST-Bグループ,36,36-W-B
2026,3,第１節第２日,2026/02/08,2026-02-08T14:03:00+09:00,琉球,"2-2
(PK4-3)",鳥栖,沖縄県陸,4701,ＤＡＺＮ,277,33,明治安田J2・J3百年構想 WEST-Bグループ,36,36-W-B
2026,2,第１節第２日,2026/02/08,2026-02-08T00:00:00+09:00,大分,中止,滋賀,クラド,,ＤＡＺＮ,31,495,明治安田J2・J3百年構想 WEST-Bグループ,36,36-W-B
2026,1,第２節第１日,2026/02/13,2026-02-13T19:00:00+09:00,神戸,vs,長崎,ノエスタ,,ＤＡＺＮ,18,47,明治安田J1百年構想 WESTグループ,35,35-W
2026,1,第２節第１日,2026/02/14,2026-02-14T14:00:00+09:00,町田,vs,水戸,Ｇスタ,,ＤＡＺＮ,45,94,明治安田J1百年構想 EASTグループ,35,35-E
2026,1,第２節第１日,2026/02/14,2026-02-14T15:00:00+09:00,鹿島,vs,横浜FM,メルスタ,,ＤＡＺＮ,1,5,明治安田J1百年構想 EASTグループ,35,35-E
2026,1,第２節第１日,2026/02/14,2026-02-14T15:00:00+09:00,FC東京,vs,浦和,味スタ,,ＤＡＺＮ,22,3,明治安田J1百年構想 EASTグループ,35,35-E
2026,1,第２節第２日,2026/02/14,2026-02-14T14:00:00+09:00,清水,vs,京都,アイスタ,,ＤＡＺＮ／テレビ静岡,7,24,明治安田J1百年構想 WESTグループ,35,35-W
2026,1,第２節第２日,2026/02/14,2026-02-14T14:00:00+09:00,広島,vs,岡山,Ｅピース,,ＤＡＺＮ／広島ホームテレビ,10,42,明治安田J1百年構想 WESTグループ,35,35-W
2026,3,第２節第１日,2026/02/14,2026-02-14T14:00:00+09:00,群馬,vs,八戸,正田スタ,,ＤＡＺＮ,35,362,明治安田J2・J3百年構想 EAST-Aグループ,36,36-E-A
2026,2,第２節第１日,2026/02/14,2026-02-14T14:00:00+09:00,横浜FC,vs,仙台,ニッパツ,,ＤＡＺＮ,34,54,明治安田J2・J3百年構想 EAST-Aグループ,36,36-E-A
2026,2,第２節第１日,2026/02/14,2026-02-14T14:00:00+09:00,湘南,vs,相模原,レモンＳ,,ＤＡＺＮ,12,273,明治安田J2・J3百年構想 EAST-Aグループ,36,36-E-A
2026,2,第２節第１日,2026/02/14,2026-02-14T14:00:00+09:00,大宮,vs,札幌,ＮＡＣＫ,,ＤＡＺＮ,27,14,明治安田J2・J3百年構想 EAST-Bグループ,36,36-E-B
2026,2,第２節第１日,2026/02/14,2026-02-14T14:00:00+09:00,甲府,vs,長野,ＪＩＴス,,ＤＡＺＮ,28,274,明治安田J2・J3百年構想 EAST-Bグループ,36,36-E-B
2026,2,第２節第１日,2026/02/14,2026-02-14T14:00:00+09:00,藤枝,vs,松本,藤枝サ,,ＤＡＺＮ,276,46,明治安田J2・J3百年構想 EAST-Bグループ,36,36-E-B
2026,3,第２節第１日,2026/02/14,2026-02-14T14:00:00+09:00,奈良,vs,今治,ロートＦ,,ＤＡＺＮ,391,369,明治安田J2・J3百年構想 WEST-Aグループ,36,36-W-A
2026,1,第２節第２日,2026/02/15,2026-02-15T13:00:00+09:00,千葉,vs,川崎F,フクアリ,,ＤＡＺＮ,2,21,明治安田J1百年構想 EASTグループ,35,35-E
2026,1,第２節第２日,2026/02/15,2026-02-15T14:00:00+09:00,柏,vs,東京V,三協Ｆ柏,,ＤＡＺＮ,11,4,明治安田J1百年構想 EASTグループ,35,35-E
2026,1,第２節第３日,2026/02/15,2026-02-15T15:00:00+09:00,福岡,vs,C大阪,ベススタ,,ＤＡＺＮ,23,20,明治安田J1百年構想 WESTグループ,35,35-W
2026,1,第２節第３日,2026/02/15,2026-02-15T16:00:00+09:00,G大阪,vs,名古屋,パナスタ,,ＤＡＺＮ,9,8,明治安田J1百年構想 WESTグループ,35,35-W
2026,3,第２節第２日,2026/02/15,2026-02-15T14:00:00+09:00,栃木SC,vs,山形,カンセキ,,ＤＡＺＮ,40,29,明治安田J2・J3百年構想 EAST-Aグループ,36,36-E-A
2026,2,第２節第２日,2026/02/15,2026-02-15T14:00:00+09:00,栃木C,vs,秋田,ＣＦＳ,,ＤＡＺＮ,471,270,明治安田J2・J3百年構想 EAST-Aグループ,36,36-E-A
2026,2,第２節第２日,2026/02/15,2026-02-15T13:00:00+09:00,いわき,vs,福島,ハワスタ,,ＤＡＺＮ／福島中央テレビ,386,271,明治安田J2・J3百年構想 EAST-Bグループ,36,36-E-B
2026,3,第２節第２日,2026/02/15,2026-02-15T14:00:00+09:00,岐阜,vs,磐田,長良川,,ＤＡＺＮ,39,13,明治安田J2・J3百年構想 EAST-Bグループ,36,36-E-B
2026,3,第２節第２日,2026/02/15,2026-02-15T14:00:00+09:00,FC大阪,vs,高知,花園,,ＤＡＺＮ,390,468,明治安田J2・J3百年構想 WEST-Aグループ,36,36-W-A
2026,3,第２節第２日,2026/02/15,2026-02-15T14:00:00+09:00,讃岐,vs,富山,メグスタ,,ＤＡＺＮ,48,41,明治安田J2・J3百年構想 WEST-Aグループ,36,36-W-A
2026,2,第２節第２日,2026/02/15,2026-02-15T14:00:00+09:00,徳島,vs,新潟,鳴門大塚,,ＤＡＺＮ,36,78,明治安田J2・J3百年構想 WEST-Aグループ,36,36-W-A
2026,3,第２節第２日,2026/02/15,2026-02-15T14:00:00+09:00,愛媛,vs,金沢,ニンスタ,,ＤＡＺＮ,37,275,明治安田J2・J3百年構想 WEST-Aグループ,36,36-W-A
2026,3,第２節第１日,2026/02/15,2026-02-15T14:00:00+09:00,山口,vs,滋賀,みらスタ,,ＤＡＺＮ,330,495,明治安田J2・J3百年構想 WEST-Bグループ,36,36-W-B
2026,2,第２節第１日,2026/02/15,2026-02-15T14:00:00+09:00,鳥栖,vs,熊本,駅スタ,,ＤＡＺＮ,33,38,明治安田J2・J3百年構想 WEST-Bグループ,36,36-W-B
2026,2,第２節第１日,2026/02/15,2026-02-15T14:00:00+09:00,大分,vs,北九州,クラド,,ＤＡＺＮ,31,43,明治安田J2・J3百年構想 WEST-Bグループ,36,36-W-B
2026,3,第２節第１日,2026/02/15,2026-02-15T14:00:00+09:00,宮崎,vs,鳥取,いちご,,ＤＡＺＮ,371,44,明治安田J2・J3百年構想 WEST-Bグループ,36,36-W-B
2026,3,第２節第１日,2026/02/15,2026-02-15T14:00:00+09:00,鹿児島,vs,琉球,白波スタ,,ＤＡＺＮ,338,277,明治安田J2・J3百年構想 WEST-Bグループ,36,36-W-B
2026,1,第３節第１日,2026/02/21,2026-02-21T14:00:00+09:00,東京V,vs,町田,味スタ,,ＤＡＺＮ,4,45,明治安田J1百年構想 EASTグループ,35,35-E
2026,1,第３節第１日,2026/02/21,2026-02-21T14:00:00+09:00,横浜FM,vs,浦和,日産ス,,ＤＡＺＮ,5,3,明治安田J1百年構想 EASTグループ,35,35-E
2026,1,第３節第１日,2026/02/21,2026-02-21T15:00:00+09:00,川崎F,vs,FC東京,Ｕ等々力,,ＤＡＺＮ,21,22,明治安田J1百年構想 EASTグループ,35,35-E
2026,1,第３節第１日,2026/02/21,2026-02-21T16:00:00+09:00,鹿島,vs,柏,メルスタ,,ＤＡＺＮ,1,11,明治安田J1百年構想 EASTグループ,35,35-E
2026,1,第３節第１日,2026/02/21,2026-02-21T14:30:00+09:00,清水,vs,神戸,アイスタ,,ＤＡＺＮ／静岡放送,7,18,明治安田J1百年構想 WESTグループ,35,35-W
2026,1,第３節第１日,2026/02/21,2026-02-21T15:00:00+09:00,名古屋,vs,長崎,豊田ス,,ＤＡＺＮ,8,47,明治安田J1百年構想 WESTグループ,35,35-W
2026,3,第３節第１日,2026/02/21,2026-02-21T14:00:00+09:00,群馬,vs,山形,正田スタ,,ＤＡＺＮ,35,29,明治安田J2・J3百年構想 EAST-Aグループ,36,36-E-A
2026,2,第３節第１日,2026/02/21,2026-02-21T14:00:00+09:00,湘南,vs,八戸,レモンＳ,,ＤＡＺＮ,12,362,明治安田J2・J3百年構想 EAST-Aグループ,36,36-E-A
2026,3,第３節第１日,2026/02/21,2026-02-21T14:00:00+09:00,相模原,vs,秋田,ギオンス,,ＤＡＺＮ,273,270,明治安田J2・J3百年構想 EAST-Aグループ,36,36-E-A
2026,2,第３節第１日,2026/02/21,2026-02-21T14:00:00+09:00,大宮,vs,福島,ＮＡＣＫ,,ＤＡＺＮ,27,271,明治安田J2・J3百年構想 EAST-Bグループ,36,36-E-B
2026,3,第３節第１日,2026/02/21,2026-02-21T14:00:00+09:00,長野,vs,札幌,長野Ｕ,,ＤＡＺＮ,274,14,明治安田J2・J3百年構想 EAST-Bグループ,36,36-E-B
2026,2,第３節第１日,2026/02/21,2026-02-21T14:00:00+09:00,磐田,vs,松本,ヤマハ,,ＤＡＺＮ,13,46,明治安田J2・J3百年構想 EAST-Bグループ,36,36-E-B
2026,2,第３節第１日,2026/02/21,2026-02-21T14:00:00+09:00,藤枝,vs,甲府,藤枝サ,,ＤＡＺＮ,276,28,明治安田J2・J3百年構想 EAST-Bグループ,36,36-E-B
2026,3,第３節第１日,2026/02/21,2026-02-21T14:00:00+09:00,奈良,vs,愛媛,ロートＦ,,ＤＡＺＮ,391,37,明治安田J2・J3百年構想 WEST-Aグループ,36,36-W-A
2026,3,第３節第１日,2026/02/21,2026-02-21T14:00:00+09:00,宮崎,vs,鳥栖,いちご,,ＤＡＺＮ,371,33,明治安田J2・J3百年構想 WEST-Bグループ,36,36-W-B
2026,3,第３節第１日,2026/02/21,2026-02-21T14:00:00+09:00,琉球,vs,滋賀,沖縄県陸,,ＤＡＺＮ,277,495,明治安田J2・J3百年構想 WEST-Bグループ,36,36-W-B
2026,1,第３節第２日,2026/02/22,2026-02-22T14:00:00+09:00,水戸,vs,千葉,Ｋｓスタ,,ＤＡＺＮ,94,2,明治安田J1百年構想 EASTグループ,35,35-E
2026,1,第３節第２日,2026/02/22,2026-02-22T14:00:00+09:00,京都,vs,福岡,サンガＳ,,ＤＡＺＮ,24,23,明治安田J1百年構想 WESTグループ,35,35-W
2026,1,第３節第２日,2026/02/22,2026-02-22T14:00:00+09:00,岡山,vs,G大阪,ＪＦＥス,,ＤＡＺＮ,42,9,明治安田J1百年構想 WESTグループ,35,35-W
2026,1,第３節第２日,2026/02/22,2026-02-22T15:00:00+09:00,C大阪,vs,広島,ヨドコウ,,ＤＡＺＮ,20,10,明治安田J1百年構想 WESTグループ,35,35-W
2026,3,第３節第２日,2026/02/22,2026-02-22T14:00:00+09:00,栃木SC,vs,仙台,カンセキ,,ＤＡＺＮ,40,54,明治安田J2・J3百年構想 EAST-Aグループ,36,36-E-A
2026,2,第３節第２日,2026/02/22,2026-02-22T14:00:00+09:00,横浜FC,vs,栃木C,ニッパツ,,ＤＡＺＮ,34,471,明治安田J2・J3百年構想 EAST-Aグループ,36,36-E-A
2026,3,第３節第２日,2026/02/22,2026-02-22T14:00:00+09:00,岐阜,vs,いわき,長良川,,ＤＡＺＮ,39,386,明治安田J2・J3百年構想 EAST-Bグループ,36,36-E-B
2026,3,第３節第２日,2026/02/22,2026-02-22T14:00:00+09:00,讃岐,vs,新潟,メグスタ,,ＤＡＺＮ,48,78,明治安田J2・J3百年構想 WEST-Aグループ,36,36-W-A
2026,2,第３節第２日,2026/02/22,2026-02-22T14:00:00+09:00,徳島,vs,富山,鳴門大塚,,ＤＡＺＮ,36,41,明治安田J2・J3百年構想 WEST-Aグループ,36,36-W-A
2026,2,第３節第２日,2026/02/22,2026-02-22T14:00:00+09:00,今治,vs,FC大阪,アシさと,,ＤＡＺＮ,369,390,明治安田J2・J3百年構想 WEST-Aグループ,36,36-W-A
2026,3,第３節第２日,2026/02/22,2026-02-22T14:00:00+09:00,高知,vs,金沢,ギケンス,,ＤＡＺＮ,468,275,明治安田J2・J3百年構想 WEST-Aグループ,36,36-W-A
2026,3,第３節第２日,2026/02/22,2026-02-22T13:00:00+09:00,熊本,vs,北九州,えがおＳ,,ＤＡＺＮ,38,43,明治安田J2・J3百年構想 WEST-Bグループ,36,36-W-B
2026,2,第３節第２日,2026/02/22,2026-02-22T14:00:00+09:00,大分,vs,鳥取,クラド,,ＤＡＺＮ,31,44,明治安田J2・J3百年構想 WEST-Bグループ,36,36-W-B
2026,3,第３節第２日,2026/02/22,2026-02-22T14:00:00+09:00,鹿児島,vs,山口,白波スタ,,ＤＡＺＮ,338,330,明治安田J2・J3百年構想 WEST-Bグループ,36,36-W-B
2026,1,第４節第１日,2026/02/27,2026-02-27T19:00:00+09:00,町田,vs,千葉,Ｇスタ,,ＤＡＺＮ,45,2,明治安田J1百年構想 EASTグループ,35,35-E
2026,1,第４節第１日,2026/02/27,2026-02-27T19:00:00+09:00,神戸,vs,福岡,ノエスタ,,ＤＡＺＮ,18,23,明治安田J1百年構想 WESTグループ,35,35-W
2026,1,第４節第１日,2026/02/27,2026-02-27T19:00:00+09:00,広島,vs,京都,Ｅピース,,ＤＡＺＮ,10,24,明治安田J1百年構想 WESTグループ,35,35-W
2026,1,第４節第２日,2026/02/28,2026-02-28T13:00:00+09:00,横浜FM,vs,東京V,日産ス,,ＤＡＺＮ,5,4,明治安田J1百年構想 EASTグループ,35,35-E
2026,1,第４節第２日,2026/02/28,2026-02-28T14:00:00+09:00,浦和,vs,鹿島,埼玉,,ＤＡＺＮ,3,1,明治安田J1百年構想 EASTグループ,35,35-E
2026,1,第４節第２日,2026/02/28,2026-02-28T15:00:00+09:00,FC東京,vs,柏,味スタ,,ＤＡＺＮ,22,11,明治安田J1百年構想 EASTグループ,35,35-E
2026,1,第４節第２日,2026/02/28,2026-02-28T15:00:00+09:00,G大阪,vs,清水,パナスタ,,ＤＡＺＮ,9,7,明治安田J1百年構想 WESTグループ,35,35-W
2026,1,第４節第２日,2026/02/28,2026-02-28T17:00:00+09:00,長崎,vs,C大阪,ピースタ,,ＤＡＺＮ／ＮＨＫ長崎,47,20,明治安田J1百年構想 WESTグループ,35,35-W
2026,2,第４節第１日,2026/02/28,2026-02-28T13:00:00+09:00,仙台,vs,八戸,ユアスタ,,ＤＡＺＮ／仙台放送,54,362,明治安田J2・J3百年構想 EAST-Aグループ,36,36-E-A
2026,2,第４節第１日,2026/02/28,2026-02-28T14:00:00+09:00,栃木C,vs,湘南,ＣＦＳ,,ＤＡＺＮ,471,12,明治安田J2・J3百年構想 EAST-Aグループ,36,36-E-A
2026,3,第４節第１日,2026/02/28,2026-02-28T14:00:00+09:00,群馬,vs,秋田,正田スタ,,ＤＡＺＮ,35,270,明治安田J2・J3百年構想 EAST-Aグループ,36,36-E-A
2026,2,第４節第１日,2026/02/28,2026-02-28T14:00:00+09:00,札幌,vs,岐阜,プレド,,ＤＡＺＮ／ＮＨＫ札幌,14,39,明治安田J2・J3百年構想 EAST-Bグループ,36,36-E-B
2026,2,第４節第１日,2026/02/28,2026-02-28T14:00:00+09:00,甲府,vs,松本,ＪＩＴス,,ＤＡＺＮ,28,46,明治安田J2・J3百年構想 EAST-Bグループ,36,36-E-B
2026,3,第４節第１日,2026/02/28,2026-02-28T14:00:00+09:00,長野,vs,大宮,長野Ｕ,,ＤＡＺＮ,274,27,明治安田J2・J3百年構想 EAST-Bグループ,36,36-E-B
2026,2,第４節第１日,2026/02/28,2026-02-28T14:00:00+09:00,磐田,vs,福島,ヤマハ,,ＤＡＺＮ,13,271,明治安田J2・J3百年構想 EAST-Bグループ,36,36-E-B
2026,2,第４節第１日,2026/02/28,2026-02-28T14:00:00+09:00,富山,vs,FC大阪,富山,,ＤＡＺＮ,41,390,明治安田J2・J3百年構想 WEST-Aグループ,36,36-W-A
2026,3,第４節第１日,2026/02/28,2026-02-28T16:00:00+09:00,愛媛,vs,徳島,ニンスタ,,ＤＡＺＮ,37,36,明治安田J2・J3百年構想 WEST-Aグループ,36,36-W-A
2026,3,第４節第１日,2026/02/28,2026-02-28T14:00:00+09:00,北九州,vs,滋賀,ミクスタ,,ＤＡＺＮ,43,495,明治安田J2・J3百年構想 WEST-Bグループ,36,36-W-B
2026,2,第４節第１日,2026/02/28,2026-02-28T14:00:00+09:00,鳥栖,vs,鹿児島,駅スタ,,ＤＡＺＮ,33,338,明治安田J2・J3百年構想 WEST-Bグループ,36,36-W-B
2026,3,第４節第１日,2026/02/28,2026-02-28T14:00:00+09:00,琉球,vs,宮崎,沖縄県陸,,ＤＡＺＮ,277,371,明治安田J2・J3百年構想 WEST-Bグループ,36,36-W-B
2026,1,第４節第３日,2026/03/01,2026-03-01T16:00:00+09:00,川崎F,vs,水戸,Ｕ等々力,,ＤＡＺＮ,21,94,明治安田J1百年構想 EASTグループ,35,35-E
2026,1,第４節第３日,2026/03/01,2026-03-01T14:00:00+09:00,岡山,vs,名古屋,ＪＦＥス,,ＤＡＺＮ,42,8,明治安田J1百年構想 WESTグループ,35,35-W
2026,3,第４節第２日,2026/03/01,2026-03-01T14:00:00+09:00,栃木SC,vs,横浜FC,カンセキ,,ＤＡＺＮ,40,34,明治安田J2・J3百年構想 EAST-Aグループ,36,36-E-A
2026,3,第４節第２日,2026/03/01,2026-03-01T14:00:00+09:00,相模原,vs,山形,ギオンス,,ＤＡＺＮ,273,29,明治安田J2・J3百年構想 EAST-Aグループ,36,36-E-A
2026,2,第４節第２日,2026/03/01,2026-03-01T14:00:00+09:00,いわき,vs,藤枝,ハワスタ,,ＤＡＺＮ,386,276,明治安田J2・J3百年構想 EAST-Bグループ,36,36-E-B
2026,3,第４節第２日,2026/03/01,2026-03-01T14:00:00+09:00,金沢,vs,讃岐,ゴースタ,,ＤＡＺＮ,275,48,明治安田J2・J3百年構想 WEST-Aグループ,36,36-W-A
2026,2,第４節第２日,2026/03/01,2026-03-01T14:00:00+09:00,今治,vs,新潟,アシさと,,ＤＡＺＮ,369,78,明治安田J2・J3百年構想 WEST-Aグループ,36,36-W-A
2026,3,第４節第２日,2026/03/01,2026-03-01T14:00:00+09:00,高知,vs,奈良,ギケンス,,ＤＡＺＮ,468,391,明治安田J2・J3百年構想 WEST-Aグループ,36,36-W-A
2026,3,第４節第２日,2026/03/01,2026-03-01T13:00:00+09:00,山口,vs,鳥取,みらスタ,,ＤＡＺＮ／ＮＨＫ山口／ＮＨＫ鳥取,330,44,明治安田J2・J3百年構想 WEST-Bグループ,36,36-W-B
2026,3,第４節第２日,2026/03/01,2026-03-01T13:00:00+09:00,熊本,vs,大分,えがおＳ,,ＤＡＺＮ／ＮＨＫ熊本／ＮＨＫ大分,38,31,明治安田J2・J3百年構想 WEST-Bグループ,36,36-W-B
2026,3,第５節第１日,2026/03/06,2026-03-06T19:00:00+09:00,FC大阪,vs,奈良,花園,,ＤＡＺＮ,390,391,明治安田J2・J3百年構想 WEST-Aグループ,36,36-W-A
2026,1,第５節第１日,2026/03/07,2026-03-07T13:00:00+09:00,千葉,vs,柏,フクアリ,,ＤＡＺＮ,2,11,明治安田J1百年構想 EASTグループ,35,35-E
2026,1,第５節第１日,2026/03/07,2026-03-07T14:00:00+09:00,FC東京,vs,横浜FM,MUFG国立,,ＤＡＺＮ,22,5,明治安田J1百年構想 EASTグループ,35,35-E
2026,1,第５節第１日,2026/03/07,2026-03-07T14:00:00+09:00,町田,vs,川崎F,Ｇスタ,,ＤＡＺＮ ※ＡＦＣチャンピオンズリーグエリート ２０２５／２６ ラウンド１６以降に出場するクラブの試合は、３／２８（土）に開催します,45,21,明治安田J1百年構想 EASTグループ,35,35-E
2026,1,第５節第１日,2026/03/07,2026-03-07T15:00:00+09:00,浦和,vs,水戸,埼玉,,ＤＡＺＮ,3,94,明治安田J1百年構想 EASTグループ,35,35-E
2026,1,第５節第１日,2026/03/07,2026-03-07T16:00:00+09:00,鹿島,vs,東京V,メルスタ,,ＤＡＺＮ,1,4,明治安田J1百年構想 EASTグループ,35,35-E
2026,1,第５節第１日,2026/03/07,2026-03-07T15:00:00+09:00,C大阪,vs,清水,ヨドコウ,,ＤＡＺＮ,20,7,明治安田J1百年構想 WESTグループ,35,35-W
2026,1,第５節第１日,2026/03/07,2026-03-07T16:00:00+09:00,福岡,vs,名古屋,ベススタ,,ＤＡＺＮ,23,8,明治安田J1百年構想 WESTグループ,35,35-W
2026,2,第５節第１日,2026/03/07,2026-03-07T14:00:00+09:00,仙台,vs,湘南,ユアスタ,,ＤＡＺＮ,54,12,明治安田J2・J3百年構想 EAST-Aグループ,36,36-E-A
2026,2,第５節第１日,2026/03/07,2026-03-07T14:00:00+09:00,いわき,vs,大宮,ハワスタ,,ＤＡＺＮ,386,27,明治安田J2・J3百年構想 EAST-Bグループ,36,36-E-B
2026,3,第５節第１日,2026/03/07,2026-03-07T14:00:00+09:00,松本,vs,札幌,サンアル,,ＤＡＺＮ／信越放送,46,14,明治安田J2・J3百年構想 EAST-Bグループ,36,36-E-B
2026,2,第５節第１日,2026/03/07,2026-03-07T14:00:00+09:00,藤枝,vs,磐田,藤枝サ,,ＤＡＺＮ／ＮＨＫ静岡,276,13,明治安田J2・J3百年構想 EAST-Bグループ,36,36-E-B
2026,2,第５節第２日,2026/03/07,2026-03-07T14:00:00+09:00,新潟,vs,高知,デンカＳ,,ＤＡＺＮ,78,468,明治安田J2・J3百年構想 WEST-Aグループ,36,36-W-A
2026,3,第５節第１日,2026/03/07,2026-03-07T14:00:00+09:00,山口,vs,鳥栖,みらスタ,,ＤＡＺＮ,330,33,明治安田J2・J3百年構想 WEST-Bグループ,36,36-W-B
2026,3,第５節第１日,2026/03/07,2026-03-07T14:00:00+09:00,北九州,vs,宮崎,ミクスタ,,ＤＡＺＮ,43,371,明治安田J2・J3百年構想 WEST-Bグループ,36,36-W-B
2026,1,第５節第２日,2026/03/08,2026-03-08T12:55:00+09:00,岡山,vs,京都,ＪＦＥス,,ＤＡＺＮ／テレビせとうち,42,24,明治安田J1百年構想 WESTグループ,35,35-W
2026,1,第５節第２日,2026/03/08,2026-03-08T15:00:00+09:00,G大阪,vs,長崎,パナスタ,,ＤＡＺＮ,9,47,明治安田J1百年構想 WESTグループ,35,35-W
2026,2,第５節第２日,2026/03/08,2026-03-08T13:00:00+09:00,八戸,vs,横浜FC,プラスタ,,ＤＡＺＮ,362,34,明治安田J2・J3百年構想 EAST-Aグループ,36,36-E-A
2026,2,第５節第２日,2026/03/08,2026-03-08T14:00:00+09:00,山形,vs,秋田,ＮＤスタ,,ＤＡＺＮ,29,270,明治安田J2・J3百年構想 EAST-Aグループ,36,36-E-A
2026,2,第５節第２日,2026/03/08,2026-03-08T14:00:00+09:00,栃木C,vs,群馬,ＣＦＳ,,ＤＡＺＮ,471,35,明治安田J2・J3百年構想 EAST-Aグループ,36,36-E-A
2026,3,第５節第２日,2026/03/08,2026-03-08T14:00:00+09:00,相模原,vs,栃木SC,ギオンス,,ＤＡＺＮ,273,40,明治安田J2・J3百年構想 EAST-Aグループ,36,36-E-A
2026,3,第５節第２日,2026/03/08,2026-03-08T14:00:00+09:00,福島,vs,長野,とうスタ,,ＤＡＺＮ,271,274,明治安田J2・J3百年構想 EAST-Bグループ,36,36-E-B
2026,3,第５節第２日,2026/03/08,2026-03-08T14:00:00+09:00,岐阜,vs,甲府,長良川,,ＤＡＺＮ,39,28,明治安田J2・J3百年構想 EAST-Bグループ,36,36-E-B
2026,2,第５節第３日,2026/03/08,2026-03-08T14:00:00+09:00,富山,vs,愛媛,富山,,ＤＡＺＮ,41,37,明治安田J2・J3百年構想 WEST-Aグループ,36,36-W-A
2026,3,第５節第３日,2026/03/08,2026-03-08T14:00:00+09:00,金沢,vs,徳島,ゴースタ,,ＤＡＺＮ,275,36,明治安田J2・J3百年構想 WEST-Aグループ,36,36-W-A
2026,3,第５節第３日,2026/03/08,2026-03-08T14:00:00+09:00,讃岐,vs,今治,メグスタ,,ＤＡＺＮ,48,369,明治安田J2・J3百年構想 WEST-Aグループ,36,36-W-A
2026,3,第５節第２日,2026/03/08,2026-03-08T14:00:00+09:00,滋賀,vs,熊本,ハトスタ,,ＤＡＺＮ,495,38,明治安田J2・J3百年構想 WEST-Bグループ,36,36-W-B
2026,3,第５節第２日,2026/03/08,2026-03-08T14:00:00+09:00,鳥取,vs,琉球,Ａｘｉｓ,,ＤＡＺＮ,44,277,明治安田J2・J3百年構想 WEST-Bグループ,36,36-W-B
2026,2,第５節第２日,2026/03/08,2026-03-08T14:00:00+09:00,大分,vs,鹿児島,クラド,,ＤＡＺＮ,31,338,明治安田J2・J3百年構想 WEST-Bグループ,36,36-W-B
2026,1,第６節第１日,2026/03/14,2026-03-14T13:00:00+09:00,横浜FM,vs,千葉,日産ス,,ＤＡＺＮ,5,2,明治安田J1百年構想 EASTグループ,35,35-E
2026,1,第６節第１日,2026/03/14,2026-03-14T14:00:00+09:00,水戸,vs,FC東京,Ｋｓスタ,,ＤＡＺＮ,94,22,明治安田J1百年構想 EASTグループ,35,35-E
2026,1,第６節第１日,2026/03/14,2026-03-14T14:00:00+09:00,柏,vs,町田,三協Ｆ柏,,ＤＡＺＮ,11,45,明治安田J1百年構想 EASTグループ,35,35-E
2026,1,第６節第１日,2026/03/14,2026-03-14T15:00:00+09:00,鹿島,vs,川崎F,メルスタ,,ＤＡＺＮ,1,21,明治安田J1百年構想 EASTグループ,35,35-E
2026,1,第６節第１日,2026/03/14,2026-03-14T16:00:00+09:00,東京V,vs,浦和,MUFG国立,,ＤＡＺＮ,4,3,明治安田J1百年構想 EASTグループ,35,35-E
2026,1,第６節第１日,2026/03/14,2026-03-14T14:00:00+09:00,清水,vs,岡山,アイスタ,,ＤＡＺＮ,7,42,明治安田J1百年構想 WESTグループ,35,35-W
2026,1,第６節第１日,2026/03/14,2026-03-14T14:00:00+09:00,名古屋,vs,神戸,豊田ス,,ＤＡＺＮ,8,18,明治安田J1百年構想 WESTグループ,35,35-W
2026,1,第６節第１日,2026/03/14,2026-03-14T14:00:00+09:00,京都,vs,C大阪,サンガＳ,,ＤＡＺＮ／ＮＨＫ ＢＳ,24,20,明治安田J1百年構想 WESTグループ,35,35-W
2026,1,第６節第１日,2026/03/14,2026-03-14T15:00:00+09:00,広島,vs,G大阪,Ｅピース,,ＤＡＺＮ／中国放送,10,9,明治安田J1百年構想 WESTグループ,35,35-W
2026,2,第６節第１日,2026/03/14,2026-03-14T14:00:00+09:00,仙台,vs,相模原,ユアスタ,,ＤＡＺＮ,54,273,明治安田J2・J3百年構想 EAST-Aグループ,36,36-E-A
2026,2,第６節第１日,2026/03/14,2026-03-14T14:00:00+09:00,湘南,vs,山形,レモンＳ,,ＤＡＺＮ,12,29,明治安田J2・J3百年構想 EAST-Aグループ,36,36-E-A
2026,2,第６節第１日,2026/03/14,2026-03-14T14:00:00+09:00,大宮,vs,藤枝,ＮＡＣＫ,,ＤＡＺＮ,27,276,明治安田J2・J3百年構想 EAST-Bグループ,36,36-E-B
2026,2,第６節第１日,2026/03/14,2026-03-14T14:00:00+09:00,甲府,vs,いわき,ＪＩＴス,,ＤＡＺＮ,28,386,明治安田J2・J3百年構想 EAST-Bグループ,36,36-E-B
2026,3,第６節第１日,2026/03/14,2026-03-14T14:00:00+09:00,長野,vs,松本,長野Ｕ,,ＤＡＺＮ,274,46,明治安田J2・J3百年構想 EAST-Bグループ,36,36-E-B
2026,2,第６節第１日,2026/03/14,2026-03-14T14:00:00+09:00,磐田,vs,札幌,ヤマハ,,ＤＡＺＮ,13,14,明治安田J2・J3百年構想 EAST-Bグループ,36,36-E-B
2026,3,第６節第１日,2026/03/14,2026-03-14T13:00:00+09:00,高知,vs,今治,ギケンス,,ＤＡＺＮ,468,369,明治安田J2・J3百年構想 WEST-Aグループ,36,36-W-A
2026,3,第６節第１日,2026/03/14,2026-03-14T14:00:00+09:00,奈良,vs,新潟,ロートＦ,,ＤＡＺＮ,391,78,明治安田J2・J3百年構想 WEST-Aグループ,36,36-W-A
2026,2,第６節第１日,2026/03/14,2026-03-14T14:00:00+09:00,鳥栖,vs,北九州,駅スタ,,ＤＡＺＮ,33,43,明治安田J2・J3百年構想 WEST-Bグループ,36,36-W-B
2026,3,第６節第１日,2026/03/14,2026-03-14T14:00:00+09:00,宮崎,vs,大分,いちご,,ＤＡＺＮ,371,31,明治安田J2・J3百年構想 WEST-Bグループ,36,36-W-B
2026,3,第６節第１日,2026/03/14,2026-03-14T14:00:00+09:00,琉球,vs,山口,沖縄県陸,,ＤＡＺＮ,277,330,明治安田J2・J3百年構想 WEST-Bグループ,36,36-W-B
2026,1,第６節第２日,2026/03/15,2026-03-15T14:00:00+09:00,長崎,vs,福岡,ピースタ,,ＤＡＺＮ,47,23,明治安田J1百年構想 WESTグループ,35,35-W
2026,2,第６節第２日,2026/03/15,2026-03-15T13:00:00+09:00,八戸,vs,栃木C,プラスタ,,ＤＡＺＮ,362,471,明治安田J2・J3百年構想 EAST-Aグループ,36,36-E-A
2026,2,第６節第２日,2026/03/15,2026-03-15T13:00:00+09:00,秋田,vs,栃木SC,ソユスタ,,ＤＡＺＮ／秋田テレビ,270,40,明治安田J2・J3百年構想 EAST-Aグループ,36,36-E-A
2026,2,第６節第２日,2026/03/15,2026-03-15T14:00:00+09:00,横浜FC,vs,群馬,ニッパツ,,ＤＡＺＮ,34,35,明治安田J2・J3百年構想 EAST-Aグループ,36,36-E-A
2026,3,第６節第２日,2026/03/15,2026-03-15T19:00:00+09:00,岐阜,vs,福島,長良川,,ＤＡＺＮ,39,271,明治安田J2・J3百年構想 EAST-Bグループ,36,36-E-B
2026,2,第６節第２日,2026/03/15,2026-03-15T13:05:00+09:00,富山,vs,金沢,富山,,ＤＡＺＮ／ＮＨＫ富山,41,275,明治安田J2・J3百年構想 WEST-Aグループ,36,36-W-A
2026,2,第６節第２日,2026/03/15,2026-03-15T14:00:00+09:00,徳島,vs,讃岐,鳴門大塚,,ＤＡＺＮ,36,48,明治安田J2・J3百年構想 WEST-Aグループ,36,36-W-A
2026,3,第６節第２日,2026/03/15,2026-03-15T14:00:00+09:00,愛媛,vs,FC大阪,ニンスタ,,ＤＡＺＮ,37,390,明治安田J2・J3百年構想 WEST-Aグループ,36,36-W-A
2026,3,第６節第２日,2026/03/15,2026-03-15T13:00:00+09:00,熊本,vs,鳥取,えがおＳ,,ＤＡＺＮ,38,44,明治安田J2・J3百年構想 WEST-Bグループ,36,36-W-B
2026,3,第６節第２日,2026/03/15,2026-03-15T14:00:00+09:00,鹿児島,vs,滋賀,白波スタ,,ＤＡＺＮ,338,495,明治安田J2・J3百年構想 WEST-Bグループ,36,36-W-B
2026,1,第７節第１日,2026/03/18,2026-03-18T19:00:00+09:00,水戸,vs,横浜FM,Ｋｓスタ,,ＤＡＺＮ,94,5,明治安田J1百年構想 EASTグループ,35,35-E
2026,1,第７節第１日,2026/03/18,2026-03-18T19:00:00+09:00,千葉,vs,FC東京,フクアリ,,ＤＡＺＮ,2,22,明治安田J1百年構想 EASTグループ,35,35-E
2026,1,第７節第１日,2026/03/18,2026-03-18T19:00:00+09:00,東京V,vs,川崎F,味スタ,,ＤＡＺＮ,4,21,明治安田J1百年構想 EASTグループ,35,35-E
2026,1,第７節第１日,2026/03/18,2026-03-18T19:30:00+09:00,浦和,vs,柏,埼玉,,ＤＡＺＮ,3,11,明治安田J1百年構想 EASTグループ,35,35-E
2026,1,第７節第１日,2026/03/18,2026-03-18T19:30:00+09:00,町田,vs,鹿島,MUFG国立,,ＤＡＺＮ,45,1,明治安田J1百年構想 EASTグループ,35,35-E
2026,1,第７節第１日,2026/03/18,2026-03-18T18:30:00+09:00,C大阪,vs,岡山,ヨドコウ,,ＤＡＺＮ,20,42,明治安田J1百年構想 WESTグループ,35,35-W
2026,1,第７節第１日,2026/03/18,2026-03-18T19:00:00+09:00,名古屋,vs,広島,豊田ス,,ＤＡＺＮ,8,10,明治安田J1百年構想 WESTグループ,35,35-W
2026,1,第７節第１日,2026/03/18,2026-03-18T19:00:00+09:00,神戸,vs,G大阪,ノエスタ,,ＤＡＺＮ,18,9,明治安田J1百年構想 WESTグループ,35,35-W
2026,1,第７節第１日,2026/03/18,2026-03-18T19:00:00+09:00,福岡,vs,清水,ベススタ,,ＤＡＺＮ,23,7,明治安田J1百年構想 WESTグループ,35,35-W
2026,1,第７節第１日,2026/03/18,2026-03-18T19:00:00+09:00,長崎,vs,京都,ピースタ,,ＤＡＺＮ,47,24,明治安田J1百年構想 WESTグループ,35,35-W
2026,3,第７節第１日,2026/03/20,2026-03-20T14:00:00+09:00,群馬,vs,湘南,正田スタ,,ＤＡＺＮ,35,12,明治安田J2・J3百年構想 EAST-Aグループ,36,36-E-A
2026,2,第７節第１日,2026/03/20,2026-03-20T14:00:00+09:00,新潟,vs,富山,デンカＳ,,ＤＡＺＮ,78,41,明治安田J2・J3百年構想 WEST-Aグループ,36,36-W-A
2026,1,第８節第１日,2026/03/21,2026-03-21T14:00:00+09:00,岡山,vs,長崎,ＪＦＥス,,ＤＡＺＮ,42,47,明治安田J1百年構想 WESTグループ,35,35-W
2026,1,第８節第１日,2026/03/21,2026-03-21T14:30:00+09:00,福岡,vs,G大阪,ベススタ,,ＤＡＺＮ／福岡放送,23,9,明治安田J1百年構想 WESTグループ,35,35-W
2026,2,第７節第２日,2026/03/21,2026-03-21T14:00:00+09:00,秋田,vs,八戸,ソユスタ,,ＤＡＺＮ／秋田放送,270,362,明治安田J2・J3百年構想 EAST-Aグループ,36,36-E-A
2026,3,第７節第２日,2026/03/21,2026-03-21T14:00:00+09:00,相模原,vs,横浜FC,ギオンス,,ＤＡＺＮ,273,34,明治安田J2・J3百年構想 EAST-Aグループ,36,36-E-A
2026,2,第７節第１日,2026/03/21,2026-03-21T14:00:00+09:00,札幌,vs,甲府,プレド,,ＤＡＺＮ,14,28,明治安田J2・J3百年構想 EAST-Bグループ,36,36-E-B
2026,3,第７節第１日,2026/03/21,2026-03-21T14:00:00+09:00,福島,vs,藤枝,とうスタ,,ＤＡＺＮ,271,276,明治安田J2・J3百年構想 EAST-Bグループ,36,36-E-B
2026,3,第７節第１日,2026/03/21,2026-03-21T14:00:00+09:00,松本,vs,岐阜,サンアル,,ＤＡＺＮ,46,39,明治安田J2・J3百年構想 EAST-Bグループ,36,36-E-B
2026,3,第７節第１日,2026/03/21,2026-03-21T14:00:00+09:00,長野,vs,いわき,長野Ｕ,,ＤＡＺＮ,274,386,明治安田J2・J3百年構想 EAST-Bグループ,36,36-E-B
2026,2,第７節第１日,2026/03/21,2026-03-21T14:00:00+09:00,磐田,vs,大宮,ヤマハ,,ＤＡＺＮ,13,27,明治安田J2・J3百年構想 EAST-Bグループ,36,36-E-B
2026,2,第７節第１日,2026/03/21,2026-03-21T14:00:00+09:00,大分,vs,琉球,クラド,,ＤＡＺＮ,31,277,明治安田J2・J3百年構想 WEST-Bグループ,36,36-W-B
2026,3,第７節第１日,2026/03/21,2026-03-21T14:00:00+09:00,宮崎,vs,熊本,いちご,,ＤＡＺＮ,371,38,明治安田J2・J3百年構想 WEST-Bグループ,36,36-W-B
2026,1,第８節第１日,2026/03/22,2026-03-22T14:00:00+09:00,東京V,vs,FC東京,味スタ,,ＤＡＺＮ,4,22,明治安田J1百年構想 EASTグループ,35,35-E
2026,1,第８節第１日,2026/03/22,2026-03-22T15:00:00+09:00,鹿島,vs,千葉,メルスタ,,ＤＡＺＮ,1,2,明治安田J1百年構想 EASTグループ,35,35-E
2026,1,第８節第１日,2026/03/22,2026-03-22T15:00:00+09:00,川崎F,vs,横浜FM,MUFG国立,,ＤＡＺＮ,21,5,明治安田J1百年構想 EASTグループ,35,35-E
2026,1,第８節第１日,2026/03/22,2026-03-22T16:00:00+09:00,浦和,vs,町田,埼玉,,ＤＡＺＮ,3,45,明治安田J1百年構想 EASTグループ,35,35-E
2026,1,第８節第１日,2026/03/22,2026-03-22T16:00:00+09:00,柏,vs,水戸,三協Ｆ柏,,ＤＡＺＮ,11,94,明治安田J1百年構想 EASTグループ,35,35-E
2026,1,第８節第２日,2026/03/22,2026-03-22T13:00:00+09:00,清水,vs,広島,アイスタ,,ＤＡＺＮ,7,10,明治安田J1百年構想 WESTグループ,35,35-W
2026,1,第８節第２日,2026/03/22,2026-03-22T14:00:00+09:00,京都,vs,名古屋,サンガＳ,,ＤＡＺＮ,24,8,明治安田J1百年構想 WESTグループ,35,35-W
2026,1,第８節第２日,2026/03/22,2026-03-22T15:00:00+09:00,C大阪,vs,神戸,ヨドコウ,,ＤＡＺＮ,20,18,明治安田J1百年構想 WESTグループ,35,35-W
2026,2,第７節第３日,2026/03/22,2026-03-22T14:00:00+09:00,山形,vs,仙台,ＮＤスタ,,ＤＡＺＮ,29,54,明治安田J2・J3百年構想 EAST-Aグループ,36,36-E-A
2026,3,第７節第３日,2026/03/22,2026-03-22T14:00:00+09:00,栃木SC,vs,栃木C,カンセキ,,ＤＡＺＮ,40,471,明治安田J2・J3百年構想 EAST-Aグループ,36,36-E-A
2026,3,第７節第２日,2026/03/22,2026-03-22T14:00:00+09:00,金沢,vs,FC大阪,ゴースタ,,ＤＡＺＮ,275,390,明治安田J2・J3百年構想 WEST-Aグループ,36,36-W-A
2026,3,第７節第２日,2026/03/22,2026-03-22T14:00:00+09:00,讃岐,vs,奈良,メグスタ,,ＤＡＺＮ,48,391,明治安田J2・J3百年構想 WEST-Aグループ,36,36-W-A
2026,3,第７節第２日,2026/03/22,2026-03-22T14:00:00+09:00,愛媛,vs,高知,ニンスタ,,ＤＡＺＮ,37,468,明治安田J2・J3百年構想 WEST-Aグループ,36,36-W-A
2026,2,第７節第２日,2026/03/22,2026-03-22T14:00:00+09:00,今治,vs,徳島,アシさと,,ＤＡＺＮ,369,36,明治安田J2・J3百年構想 WEST-Aグループ,36,36-W-A
2026,3,第７節第２日,2026/03/22,2026-03-22T14:00:00+09:00,鳥取,vs,鹿児島,Ａｘｉｓ,,ＤＡＺＮ,44,338,明治安田J2・J3百年構想 WEST-Bグループ,36,36-W-B
2026,3,第７節第２日,2026/03/22,2026-03-22T14:00:00+09:00,山口,vs,北九州,みらスタ,,ＤＡＺＮ,330,43,明治安田J2・J3百年構想 WEST-Bグループ,36,36-W-B
2026,3,第７節第２日,2026/03/22,2026-03-22T15:00:00+09:00,滋賀,vs,鳥栖,ハトスタ,,ＤＡＺＮ,495,33,明治安田J2・J3百年構想 WEST-Bグループ,36,36-W-B
2026,1,第５節第３日,2026/03/27,2026-03-27T19:00:00+09:00,神戸,vs,広島,ノエスタ,,ＤＡＺＮ,18,10,明治安田J1百年構想 WESTグループ,35,35-W
2026,3,第８節第１日,2026/03/28,2026-03-28T14:00:00+09:00,群馬,vs,栃木SC,正田スタ,,ＤＡＺＮ,35,40,明治安田J2・J3百年構想 EAST-Aグループ,36,36-E-A
2026,2,第８節第１日,2026/03/28,2026-03-28T14:00:00+09:00,横浜FC,vs,湘南,ニッパツ,,ＤＡＺＮ,34,12,明治安田J2・J3百年構想 EAST-Aグループ,36,36-E-A
2026,2,第８節第１日,2026/03/28,2026-03-28T14:00:00+09:00,甲府,vs,大宮,ＪＩＴス,,ＤＡＺＮ,28,27,明治安田J2・J3百年構想 EAST-Bグループ,36,36-E-B
2026,2,第８節第１日,2026/03/28,2026-03-28T14:00:00+09:00,藤枝,vs,札幌,藤枝サ,,ＤＡＺＮ,276,14,明治安田J2・J3百年構想 EAST-Bグループ,36,36-E-B
2026,3,第８節第１日,2026/03/28,2026-03-28T14:00:00+09:00,岐阜,vs,長野,長良川,,ＤＡＺＮ,39,274,明治安田J2・J3百年構想 EAST-Bグループ,36,36-E-B
2026,3,第８節第１日,2026/03/28,2026-03-28T14:00:00+09:00,奈良,vs,金沢,ロートＦ,,ＤＡＺＮ,391,275,明治安田J2・J3百年構想 WEST-Aグループ,36,36-W-A
2026,2,第８節第２日,2026/03/29,2026-03-29T13:00:00+09:00,八戸,vs,相模原,プラスタ,,ＤＡＺＮ,362,273,明治安田J2・J3百年構想 EAST-Aグループ,36,36-E-A
2026,2,第８節第２日,2026/03/29,2026-03-29T14:00:00+09:00,秋田,vs,仙台,ソユスタ,,ＤＡＺＮ,270,54,明治安田J2・J3百年構想 EAST-Aグループ,36,36-E-A
2026,2,第８節第２日,2026/03/29,2026-03-29T14:00:00+09:00,山形,vs,栃木C,ＮＤスタ,,ＤＡＺＮ,29,471,明治安田J2・J3百年構想 EAST-Aグループ,36,36-E-A
2026,3,第８節第２日,2026/03/29,2026-03-29T14:00:00+09:00,福島,vs,松本,とうスタ,,ＤＡＺＮ,271,46,明治安田J2・J3百年構想 EAST-Bグループ,36,36-E-B
2026,2,第８節第２日,2026/03/29,2026-03-29T14:00:00+09:00,いわき,vs,磐田,ハワスタ,,ＤＡＺＮ,386,13,明治安田J2・J3百年構想 EAST-Bグループ,36,36-E-B
2026,2,第８節第２日,2026/03/29,2026-03-29T14:00:00+09:00,富山,vs,今治,富山,,ＤＡＺＮ,41,369,明治安田J2・J3百年構想 WEST-Aグループ,36,36-W-A
2026,3,第８節第２日,2026/03/29,2026-03-29T14:00:00+09:00,FC大阪,vs,新潟,花園,,ＤＡＺＮ,390,78,明治安田J2・J3百年構想 WEST-Aグループ,36,36-W-A
2026,3,第８節第２日,2026/03/29,2026-03-29T14:00:00+09:00,讃岐,vs,愛媛,メグスタ,,ＤＡＺＮ,48,37,明治安田J2・J3百年構想 WEST-Aグループ,36,36-W-A
2026,2,第８節第２日,2026/03/29,2026-03-29T14:00:00+09:00,徳島,vs,高知,鳴門大塚,,ＤＡＺＮ,36,468,明治安田J2・J3百年構想 WEST-Aグループ,36,36-W-A
2026,3,第８節第１日,2026/03/29,2026-03-29T13:00:00+09:00,熊本,vs,鹿児島,えがおＳ,,ＤＡＺＮ,38,338,明治安田J2・J3百年構想 WEST-Bグループ,36,36-W-B
2026,3,第８節第１日,2026/03/29,2026-03-29T14:00:00+09:00,滋賀,vs,宮崎,ハトスタ,,ＤＡＺＮ,495,371,明治安田J2・J3百年構想 WEST-Bグループ,36,36-W-B
2026,3,第８節第１日,2026/03/29,2026-03-29T14:00:00+09:00,鳥取,vs,鳥栖,Ａｘｉｓ,,ＤＡＺＮ,44,33,明治安田J2・J3百年構想 WEST-Bグループ,36,36-W-B
2026,3,第８節第１日,2026/03/29,2026-03-29T14:00:00+09:00,山口,vs,大分,みらスタ,,ＤＡＺＮ,330,31,明治安田J2・J3百年構想 WEST-Bグループ,36,36-W-B
2026,3,第８節第１日,2026/03/29,2026-03-29T14:00:00+09:00,北九州,vs,琉球,ミクスタ,,ＤＡＺＮ,43,277,明治安田J2・J3百年構想 WEST-Bグループ,36,36-W-B
2026,1,第９節第１日,2026/04/04,2026-04-04T13:00:00+09:00,千葉,vs,東京V,フクアリ,,ＤＡＺＮ,2,4,明治安田J1百年構想 EASTグループ,35,35-E
2026,1,第９節第１日,2026/04/04,2026-04-04T14:00:00+09:00,水戸,vs,鹿島,Ｋｓスタ,,ＤＡＺＮ／ＮＨＫ水戸,94,1,明治安田J1百年構想 EASTグループ,35,35-E
2026,1,第９節第１日,2026/04/04,2026-04-04T15:00:00+09:00,名古屋,vs,C大阪,豊田ス,,ＤＡＺＮ,8,20,明治安田J1百年構想 WESTグループ,35,35-W
2026,1,第９節第１日,2026/04/04,2026-04-04T16:00:00+09:00,G大阪,vs,京都,パナスタ,,ＤＡＺＮ,9,24,明治安田J1百年構想 WESTグループ,35,35-W
2026,2,第９節第１日,2026/04/04,2026-04-04T14:00:00+09:00,仙台,vs,群馬,ユアスタ,,ＤＡＺＮ,54,35,明治安田J2・J3百年構想 EAST-Aグループ,36,36-E-A
2026,2,第９節第１日,2026/04/04,2026-04-04T14:00:00+09:00,栃木C,vs,相模原,ＣＦＳ,,ＤＡＺＮ,471,273,明治安田J2・J3百年構想 EAST-Aグループ,36,36-E-A
2026,2,第９節第１日,2026/04/04,2026-04-04T14:00:00+09:00,横浜FC,vs,秋田,ニッパツ,,ＤＡＺＮ,34,270,明治安田J2・J3百年構想 EAST-Aグループ,36,36-E-A
2026,2,第９節第１日,2026/04/04,2026-04-04T14:00:00+09:00,湘南,vs,栃木SC,レモンＳ,,ＤＡＺＮ,12,40,明治安田J2・J3百年構想 EAST-Aグループ,36,36-E-A
2026,2,第９節第１日,2026/04/04,2026-04-04T14:00:00+09:00,札幌,vs,福島,プレド,,ＤＡＺＮ,14,271,明治安田J2・J3百年構想 EAST-Bグループ,36,36-E-B
2026,2,第９節第１日,2026/04/04,2026-04-04T14:00:00+09:00,大宮,vs,岐阜,ＮＡＣＫ,,ＤＡＺＮ,27,39,明治安田J2・J3百年構想 EAST-Bグループ,36,36-E-B
2026,2,第９節第１日,2026/04/04,2026-04-04T14:00:00+09:00,磐田,vs,甲府,ヤマハ,,ＤＡＺＮ,13,28,明治安田J2・J3百年構想 EAST-Bグループ,36,36-E-B
2026,2,第９節第１日,2026/04/04,2026-04-04T14:00:00+09:00,藤枝,vs,長野,藤枝サ,,ＤＡＺＮ,276,274,明治安田J2・J3百年構想 EAST-Bグループ,36,36-E-B
2026,2,第９節第１日,2026/04/04,2026-04-04T14:00:00+09:00,新潟,vs,金沢,デンカＳ,,ＤＡＺＮ,78,275,明治安田J2・J3百年構想 WEST-Aグループ,36,36-W-A
2026,3,第９節第１日,2026/04/04,2026-04-04T16:00:00+09:00,琉球,vs,熊本,沖縄県陸,,ＤＡＺＮ,277,38,明治安田J2・J3百年構想 WEST-Bグループ,36,36-W-B
2026,1,第９節第２日,2026/04/05,2026-04-05T14:00:00+09:00,柏,vs,横浜FM,三協Ｆ柏,,ＤＡＺＮ,11,5,明治安田J1百年構想 EASTグループ,35,35-E
2026,1,第９節第２日,2026/04/05,2026-04-05T15:00:00+09:00,FC東京,vs,町田,味スタ,,ＤＡＺＮ,22,45,明治安田J1百年構想 EASTグループ,35,35-E
2026,1,第９節第２日,2026/04/05,2026-04-05T16:00:00+09:00,川崎F,vs,浦和,Ｕ等々力,,ＤＡＺＮ,21,3,明治安田J1百年構想 EASTグループ,35,35-E
2026,1,第９節第２日,2026/04/05,2026-04-05T13:00:00+09:00,長崎,vs,清水,ピースタ,,ＤＡＺＮ,47,7,明治安田J1百年構想 WESTグループ,35,35-W
2026,1,第９節第２日,2026/04/05,2026-04-05T14:00:00+09:00,岡山,vs,神戸,ＪＦＥス,,ＤＡＺＮ／ＮＨＫ岡山,42,18,明治安田J1百年構想 WESTグループ,35,35-W
2026,1,第９節第２日,2026/04/05,2026-04-05T14:00:00+09:00,広島,vs,福岡,Ｅピース,,ＤＡＺＮ,10,23,明治安田J1百年構想 WESTグループ,35,35-W
2026,2,第９節第２日,2026/04/05,2026-04-05T13:00:00+09:00,八戸,vs,山形,プラスタ,,ＤＡＺＮ,362,29,明治安田J2・J3百年構想 EAST-Aグループ,36,36-E-A
2026,3,第９節第２日,2026/04/05,2026-04-05T14:00:00+09:00,松本,vs,いわき,サンアル,,ＤＡＺＮ,46,386,明治安田J2・J3百年構想 EAST-Bグループ,36,36-E-B
2026,2,第９節第２日,2026/04/05,2026-04-05T13:30:00+09:00,今治,vs,愛媛,アシさと,,ＤＡＺＮ／南海放送,369,37,明治安田J2・J3百年構想 WEST-Aグループ,36,36-W-A
2026,2,第９節第２日,2026/04/05,2026-04-05T14:00:00+09:00,富山,vs,奈良,富山,,ＤＡＺＮ,41,391,明治安田J2・J3百年構想 WEST-Aグループ,36,36-W-A
2026,2,第９節第２日,2026/04/05,2026-04-05T14:00:00+09:00,徳島,vs,FC大阪,鳴門大塚,,ＤＡＺＮ,36,390,明治安田J2・J3百年構想 WEST-Aグループ,36,36-W-A
2026,3,第９節第２日,2026/04/05,2026-04-05T14:00:00+09:00,高知,vs,讃岐,ギケンス,,ＤＡＺＮ,468,48,明治安田J2・J3百年構想 WEST-Aグループ,36,36-W-A
2026,3,第９節第２日,2026/04/05,2026-04-05T14:00:00+09:00,鳥取,vs,滋賀,Ａｘｉｓ,,ＤＡＺＮ,44,495,明治安田J2・J3百年構想 WEST-Bグループ,36,36-W-B
2026,2,第９節第２日,2026/04/05,2026-04-05T14:00:00+09:00,鳥栖,vs,大分,駅スタ,,ＤＡＺＮ,33,31,明治安田J2・J3百年構想 WEST-Bグループ,36,36-W-B
2026,3,第９節第２日,2026/04/05,2026-04-05T14:00:00+09:00,宮崎,vs,山口,いちご,,ＤＡＺＮ,371,330,明治安田J2・J3百年構想 WEST-Bグループ,36,36-W-B
2026,3,第９節第２日,2026/04/05,2026-04-05T14:00:00+09:00,鹿児島,vs,北九州,白波スタ,,ＤＡＺＮ,338,43,明治安田J2・J3百年構想 WEST-Bグループ,36,36-W-B
2026,1,第１０節第１日,2026/04/11,2026-04-11T13:00:00+09:00,千葉,vs,水戸,フクアリ,,ＤＡＺＮ,2,94,明治安田J1百年構想 EASTグループ,35,35-E
2026,1,第１０節第１日,2026/04/11,2026-04-11T14:00:00+09:00,町田,vs,柏,Ｇスタ,,ＤＡＺＮ,45,11,明治安田J1百年構想 EASTグループ,35,35-E
2026,1,第１０節第１日,2026/04/11,2026-04-11T15:00:00+09:00,横浜FM,vs,FC東京,日産ス,,ＤＡＺＮ,5,22,明治安田J1百年構想 EASTグループ,35,35-E
2026,1,第１０節第１日,2026/04/11,2026-04-11T14:00:00+09:00,広島,vs,清水,Ｅピース,,ＤＡＺＮ,10,7,明治安田J1百年構想 WESTグループ,35,35-W
2026,1,第１０節第１日,2026/04/11,2026-04-11T14:00:00+09:00,福岡,vs,長崎,ベススタ,,ＤＡＺＮ,23,47,明治安田J1百年構想 WESTグループ,35,35-W
2026,1,第１０節第１日,2026/04/11,2026-04-11T15:00:00+09:00,神戸,vs,名古屋,ノエスタ,,ＤＡＺＮ,18,8,明治安田J1百年構想 WESTグループ,35,35-W
2026,1,第１０節第１日,2026/04/11,2026-04-11T16:00:00+09:00,京都,vs,岡山,サンガＳ,,ＤＡＺＮ,24,42,明治安田J1百年構想 WESTグループ,35,35-W
2026,1,第１０節第１日,2026/04/11,2026-04-11T16:00:00+09:00,G大阪,vs,C大阪,パナスタ,,ＤＡＺＮ,9,20,明治安田J1百年構想 WESTグループ,35,35-W
2026,2,第１０節第１日,2026/04/11,2026-04-11T14:00:00+09:00,甲府,vs,札幌,ＪＩＴス,,ＤＡＺＮ,28,14,明治安田J2・J3百年構想 EAST-Bグループ,36,36-E-B
2026,3,第１０節第１日,2026/04/11,2026-04-11T14:00:00+09:00,岐阜,vs,藤枝,長良川,,ＤＡＺＮ,39,276,明治安田J2・J3百年構想 EAST-Bグループ,36,36-E-B
2026,3,第１０節第１日,2026/04/11,2026-04-11T14:00:00+09:00,FC大阪,vs,富山,花園,,ＤＡＺＮ,390,41,明治安田J2・J3百年構想 WEST-Aグループ,36,36-W-A
2026,2,第１０節第１日,2026/04/11,2026-04-11T19:00:00+09:00,大分,vs,山口,クラド,,ＤＡＺＮ,31,330,明治安田J2・J3百年構想 WEST-Bグループ,36,36-W-B
2026,1,第１０節第２日,2026/04/12,2026-04-12T14:00:00+09:00,浦和,vs,東京V,埼玉,,ＤＡＺＮ,3,4,明治安田J1百年構想 EASTグループ,35,35-E
2026,1,第１０節第２日,2026/04/12,2026-04-12T16:00:00+09:00,川崎F,vs,鹿島,Ｕ等々力,,ＤＡＺＮ,21,1,明治安田J1百年構想 EASTグループ,35,35-E
2026,2,第１０節第１日,2026/04/12,2026-04-12T14:00:00+09:00,秋田,vs,湘南,ソユスタ,,ＤＡＺＮ,270,12,明治安田J2・J3百年構想 EAST-Aグループ,36,36-E-A
2026,2,第１０節第１日,2026/04/12,2026-04-12T14:00:00+09:00,山形,vs,横浜FC,ＮＤスタ,,ＤＡＺＮ,29,34,明治安田J2・J3百年構想 EAST-Aグループ,36,36-E-A
2026,3,第１０節第１日,2026/04/12,2026-04-12T14:00:00+09:00,栃木SC,vs,群馬,カンセキ,,ＤＡＺＮ,40,35,明治安田J2・J3百年構想 EAST-Aグループ,36,36-E-A
2026,2,第１０節第１日,2026/04/12,2026-04-12T14:00:00+09:00,栃木C,vs,八戸,ＣＦＳ,,ＤＡＺＮ,471,362,明治安田J2・J3百年構想 EAST-Aグループ,36,36-E-A
2026,3,第１０節第１日,2026/04/12,2026-04-12T14:00:00+09:00,相模原,vs,仙台,ギオンス,,ＤＡＺＮ,273,54,明治安田J2・J3百年構想 EAST-Aグループ,36,36-E-A
2026,3,第１０節第２日,2026/04/12,2026-04-12T13:00:00+09:00,長野,vs,磐田,長野Ｕ,,ＤＡＺＮ／信越放送,274,13,明治安田J2・J3百年構想 EAST-Bグループ,36,36-E-B
2026,3,第１０節第２日,2026/04/12,2026-04-12T14:00:00+09:00,福島,vs,いわき,とうスタ,,ＤＡＺＮ／ＮＨＫ福島,271,386,明治安田J2・J3百年構想 EAST-Bグループ,36,36-E-B
2026,3,第１０節第２日,2026/04/12,2026-04-12T14:00:00+09:00,松本,vs,大宮,サンアル,,ＤＡＺＮ,46,27,明治安田J2・J3百年構想 EAST-Bグループ,36,36-E-B
2026,3,第１０節第２日,2026/04/12,2026-04-12T14:00:00+09:00,金沢,vs,今治,ゴースタ,,ＤＡＺＮ,275,369,明治安田J2・J3百年構想 WEST-Aグループ,36,36-W-A
2026,3,第１０節第２日,2026/04/12,2026-04-12T14:00:00+09:00,讃岐,vs,徳島,メグスタ,,ＤＡＺＮ,48,36,明治安田J2・J3百年構想 WEST-Aグループ,36,36-W-A
2026,3,第１０節第２日,2026/04/12,2026-04-12T14:00:00+09:00,愛媛,vs,奈良,ニンスタ,,ＤＡＺＮ,37,391,明治安田J2・J3百年構想 WEST-Aグループ,36,36-W-A
2026,3,第１０節第２日,2026/04/12,2026-04-12T14:00:00+09:00,高知,vs,新潟,ギケンス,,ＤＡＺＮ,468,78,明治安田J2・J3百年構想 WEST-Aグループ,36,36-W-A
2026,3,第１０節第２日,2026/04/12,2026-04-12T14:00:00+09:00,滋賀,vs,琉球,ハトスタ,,ＤＡＺＮ,495,277,明治安田J2・J3百年構想 WEST-Bグループ,36,36-W-B
2026,3,第１０節第２日,2026/04/12,2026-04-12T14:00:00+09:00,北九州,vs,鳥栖,ミクスタ,,ＤＡＺＮ,43,33,明治安田J2・J3百年構想 WEST-Bグループ,36,36-W-B
2026,3,第１０節第２日,2026/04/12,2026-04-12T14:00:00+09:00,熊本,vs,宮崎,えがおＳ,,ＤＡＺＮ,38,371,明治安田J2・J3百年構想 WEST-Bグループ,36,36-W-B
2026,3,第１０節第２日,2026/04/12,2026-04-12T14:00:00+09:00,鹿児島,vs,鳥取,白波スタ,,ＤＡＺＮ,338,44,明治安田J2・J3百年構想 WEST-Bグループ,36,36-W-B
2026,3,第１１節第１日,2026/04/17,2026-04-17T19:00:00+09:00,FC大阪,vs,愛媛,花園,,ＤＡＺＮ,390,37,明治安田J2・J3百年構想 WEST-Aグループ,36,36-W-A
2026,1,第１１節第１日,2026/04/18,2026-04-18T13:00:00+09:00,横浜FM,vs,川崎F,日産ス,,ＤＡＺＮ,5,21,明治安田J1百年構想 EASTグループ,35,35-E
2026,1,第１１節第１日,2026/04/18,2026-04-18T14:00:00+09:00,鹿島,vs,浦和,メルスタ,,ＤＡＺＮ／ＮＨＫ ＢＳ,1,3,明治安田J1百年構想 EASTグループ,35,35-E
2026,1,第１１節第１日,2026/04/18,2026-04-18T14:00:00+09:00,町田,vs,FC東京,Ｇスタ,,ＤＡＺＮ ※ＡＦＣチャンピオンズリーグエリート ２０２５／２６ 準々決勝以降に出場するクラブの試合は、４／１（水）に開催します,45,22,明治安田J1百年構想 EASTグループ,35,35-E
2026,1,第１１節第１日,2026/04/18,2026-04-18T15:00:00+09:00,東京V,vs,千葉,味スタ,,ＤＡＺＮ,4,2,明治安田J1百年構想 EASTグループ,35,35-E
2026,1,第１１節第１日,2026/04/18,2026-04-18T14:00:00+09:00,広島,vs,長崎,Ｅピース,,ＤＡＺＮ ※ＡＦＣチャンピオンズリーグエリート ２０２５／２６ 準々決勝以降に出場するクラブの試合は、４／１（水）に開催します,10,47,明治安田J1百年構想 WESTグループ,35,35-W
2026,1,第１１節第１日,2026/04/18,2026-04-18T16:00:00+09:00,C大阪,vs,京都,ヨドコウ,,ＤＡＺＮ,20,24,明治安田J1百年構想 WESTグループ,35,35-W
2026,2,第１１節第１日,2026/04/18,2026-04-18T14:00:00+09:00,仙台,vs,栃木C,ユアスタ,,ＤＡＺＮ,54,471,明治安田J2・J3百年構想 EAST-Aグループ,36,36-E-A
2026,2,第１１節第１日,2026/04/18,2026-04-18T14:00:00+09:00,湘南,vs,群馬,レモンＳ,,ＤＡＺＮ,12,35,明治安田J2・J3百年構想 EAST-Aグループ,36,36-E-A
2026,2,第１１節第１日,2026/04/18,2026-04-18T13:00:00+09:00,札幌,vs,松本,札幌厚別,,ＤＡＺＮ,14,46,明治安田J2・J3百年構想 EAST-Bグループ,36,36-E-B
2026,2,第１１節第１日,2026/04/18,2026-04-18T14:00:00+09:00,大宮,vs,磐田,ＮＡＣＫ,,ＤＡＺＮ,27,13,明治安田J2・J3百年構想 EAST-Bグループ,36,36-E-B
2026,2,第１１節第１日,2026/04/18,2026-04-18T14:00:00+09:00,甲府,vs,藤枝,ＪＩＴス,,ＤＡＺＮ／テレビ山梨,28,276,明治安田J2・J3百年構想 EAST-Bグループ,36,36-E-B
2026,2,第１１節第２日,2026/04/18,2026-04-18T14:00:00+09:00,新潟,vs,今治,デンカＳ,,ＤＡＺＮ,78,369,明治安田J2・J3百年構想 WEST-Aグループ,36,36-W-A
2026,3,第１１節第２日,2026/04/18,2026-04-18T14:00:00+09:00,奈良,vs,讃岐,ロートＦ,,ＤＡＺＮ,391,48,明治安田J2・J3百年構想 WEST-Aグループ,36,36-W-A
2026,2,第１１節第２日,2026/04/18,2026-04-18T14:00:00+09:00,徳島,vs,金沢,鳴門大塚,,ＤＡＺＮ,36,275,明治安田J2・J3百年構想 WEST-Aグループ,36,36-W-A
2026,3,第１１節第１日,2026/04/18,2026-04-18T13:40:00+09:00,山口,vs,鹿児島,みらスタ,,ＤＡＺＮ／山口放送,330,338,明治安田J2・J3百年構想 WEST-Bグループ,36,36-W-B
2026,3,第１１節第１日,2026/04/18,2026-04-18T16:00:00+09:00,琉球,vs,北九州,沖縄県陸,,ＤＡＺＮ,277,43,明治安田J2・J3百年構想 WEST-Bグループ,36,36-W-B
2026,1,第１１節第２日,2026/04/19,2026-04-19T13:00:00+09:00,水戸,vs,柏,Ｋｓスタ,,ＤＡＺＮ,94,11,明治安田J1百年構想 EASTグループ,35,35-E
2026,1,第１１節第２日,2026/04/19,2026-04-19T14:00:00+09:00,神戸,vs,清水,ノエスタ,,ＤＡＺＮ ※ＡＦＣチャンピオンズリーグエリート ２０２５／２６ 準々決勝以降に出場するクラブの試合は、４／１（水）に開催します,18,7,明治安田J1百年構想 WESTグループ,35,35-W
2026,1,第１１節第２日,2026/04/19,2026-04-19T15:00:00+09:00,G大阪,vs,岡山,パナスタ,,ＤＡＺＮ,9,42,明治安田J1百年構想 WESTグループ,35,35-W
2026,1,第１１節第２日,2026/04/19,2026-04-19T16:00:00+09:00,名古屋,vs,福岡,パロ瑞穂,,ＤＡＺＮ／ＮＨＫ名古屋／ＮＨＫ岐阜／ＮＨＫ津,8,23,明治安田J1百年構想 WESTグループ,35,35-W
2026,2,第１１節第２日,2026/04/19,2026-04-19T14:00:00+09:00,秋田,vs,横浜FC,ソユスタ,,ＤＡＺＮ,270,34,明治安田J2・J3百年構想 EAST-Aグループ,36,36-E-A
2026,2,第１１節第２日,2026/04/19,2026-04-19T14:00:00+09:00,山形,vs,八戸,ＮＤスタ,,ＤＡＺＮ,29,362,明治安田J2・J3百年構想 EAST-Aグループ,36,36-E-A
2026,3,第１１節第２日,2026/04/19,2026-04-19T14:00:00+09:00,栃木SC,vs,相模原,カンセキ,,ＤＡＺＮ,40,273,明治安田J2・J3百年構想 EAST-Aグループ,36,36-E-A
2026,3,第１１節第２日,2026/04/19,2026-04-19T14:00:00+09:00,福島,vs,岐阜,とうスタ,,ＤＡＺＮ,271,39,明治安田J2・J3百年構想 EAST-Bグループ,36,36-E-B
2026,2,第１１節第２日,2026/04/19,2026-04-19T14:00:00+09:00,いわき,vs,長野,ハワスタ,,ＤＡＺＮ,386,274,明治安田J2・J3百年構想 EAST-Bグループ,36,36-E-B
2026,2,第１１節第３日,2026/04/19,2026-04-19T14:00:00+09:00,富山,vs,高知,富山,,ＤＡＺＮ,41,468,明治安田J2・J3百年構想 WEST-Aグループ,36,36-W-A
2026,3,第１１節第２日,2026/04/19,2026-04-19T14:00:00+09:00,滋賀,vs,大分,ハトスタ,,ＤＡＺＮ,495,31,明治安田J2・J3百年構想 WEST-Bグループ,36,36-W-B
2026,3,第１１節第２日,2026/04/19,2026-04-19T14:00:00+09:00,鳥取,vs,宮崎,Ａｘｉｓ,,ＤＡＺＮ,44,371,明治安田J2・J3百年構想 WEST-Bグループ,36,36-W-B
2026,3,第１１節第２日,2026/04/19,2026-04-19T15:00:00+09:00,熊本,vs,鳥栖,えがおＳ,,ＤＡＺＮ,38,33,明治安田J2・J3百年構想 WEST-Bグループ,36,36-W-B
2026,1,第１２節第１日,2026/04/24,2026-04-24T19:00:00+09:00,柏,vs,鹿島,三協Ｆ柏,,ＤＡＺＮ,11,1,明治安田J1百年構想 EASTグループ,35,35-E
2026,1,第１２節第１日,2026/04/24,2026-04-24T19:00:00+09:00,FC東京,vs,水戸,味スタ,,ＤＡＺＮ,22,94,明治安田J1百年構想 EASTグループ,35,35-E
2026,1,第１２節第２日,2026/04/25,2026-04-25T14:00:00+09:00,浦和,vs,横浜FM,埼玉,,ＤＡＺＮ,3,5,明治安田J1百年構想 EASTグループ,35,35-E
2026,1,第１２節第２日,2026/04/25,2026-04-25T14:00:00+09:00,町田,vs,東京V,Ｇスタ,,ＤＡＺＮ ※ＡＦＣチャンピオンズリーグエリート ２０２５／２６ 準々決勝以降に出場するクラブの試合は、５／１３（水）に開催します,45,4,明治安田J1百年構想 EASTグループ,35,35-E
2026,1,第１２節第２日,2026/04/25,2026-04-25T15:00:00+09:00,川崎F,vs,千葉,Ｕ等々力,,ＤＡＺＮ,21,2,明治安田J1百年構想 EASTグループ,35,35-E
2026,1,第１２節第１日,2026/04/25,2026-04-25T14:00:00+09:00,清水,vs,名古屋,アイスタ,,ＤＡＺＮ,7,8,明治安田J1百年構想 WESTグループ,35,35-W
2026,1,第１２節第１日,2026/04/25,2026-04-25T14:00:00+09:00,岡山,vs,福岡,ＪＦＥス,,ＤＡＺＮ／ＲＳＫ山陽放送,42,23,明治安田J1百年構想 WESTグループ,35,35-W
2026,1,第１２節第１日,2026/04/25,2026-04-25T16:00:00+09:00,広島,vs,C大阪,Ｅピース,,ＤＡＺＮ ※ＡＦＣチャンピオンズリーグエリート ２０２５／２６ 準々決勝以降に出場するクラブの試合は、５／１３（水）に開催します,10,20,明治安田J1百年構想 WESTグループ,35,35-W
2026,1,第１２節第１日,2026/04/25,2026-04-25T18:30:00+09:00,長崎,vs,G大阪,ピースタ,,ＤＡＺＮ,47,9,明治安田J1百年構想 WESTグループ,35,35-W
2026,2,第１２節第１日,2026/04/25,2026-04-25T14:00:00+09:00,仙台,vs,山形,ユアスタ,,ＤＡＺＮ,54,29,明治安田J2・J3百年構想 EAST-Aグループ,36,36-E-A
2026,2,第１２節第１日,2026/04/25,2026-04-25T14:00:00+09:00,栃木C,vs,栃木SC,ＣＦＳ,,ＤＡＺＮ,471,40,明治安田J2・J3百年構想 EAST-Aグループ,36,36-E-A
2026,3,第１２節第１日,2026/04/25,2026-04-25T14:00:00+09:00,群馬,vs,横浜FC,正田スタ,,ＤＡＺＮ,35,34,明治安田J2・J3百年構想 EAST-Aグループ,36,36-E-A
2026,3,第１２節第１日,2026/04/25,2026-04-25T17:00:00+09:00,相模原,vs,湘南,ギオンス,,ＤＡＺＮ,273,12,明治安田J2・J3百年構想 EAST-Aグループ,36,36-E-A
2026,2,第１２節第１日,2026/04/25,2026-04-25T13:00:00+09:00,磐田,vs,岐阜,ヤマハ,,ＤＡＺＮ,13,39,明治安田J2・J3百年構想 EAST-Bグループ,36,36-E-B
2026,2,第１２節第１日,2026/04/25,2026-04-25T14:00:00+09:00,札幌,vs,いわき,プレド,,ＤＡＺＮ,14,386,明治安田J2・J3百年構想 EAST-Bグループ,36,36-E-B
2026,3,第１２節第１日,2026/04/25,2026-04-25T14:00:00+09:00,福島,vs,甲府,とうスタ,,ＤＡＺＮ,271,28,明治安田J2・J3百年構想 EAST-Bグループ,36,36-E-B
2026,2,第１２節第１日,2026/04/25,2026-04-25T14:00:00+09:00,藤枝,vs,大宮,藤枝サ,,ＤＡＺＮ,276,27,明治安田J2・J3百年構想 EAST-Bグループ,36,36-E-B
2026,2,第１２節第１日,2026/04/25,2026-04-25T14:00:00+09:00,新潟,vs,FC大阪,デンカＳ,,ＤＡＺＮ,78,390,明治安田J2・J3百年構想 WEST-Aグループ,36,36-W-A
2026,3,第１２節第１日,2026/04/25,2026-04-25T14:00:00+09:00,金沢,vs,奈良,ゴースタ,,ＤＡＺＮ,275,391,明治安田J2・J3百年構想 WEST-Aグループ,36,36-W-A
2026,2,第１２節第１日,2026/04/25,2026-04-25T14:00:00+09:00,今治,vs,富山,アシさと,,ＤＡＺＮ,369,41,明治安田J2・J3百年構想 WEST-Aグループ,36,36-W-A
2026,3,第１２節第１日,2026/04/25,2026-04-25T14:00:00+09:00,鳥取,vs,熊本,Ａｘｉｓ,,ＤＡＺＮ,44,38,明治安田J2・J3百年構想 WEST-Bグループ,36,36-W-B
2026,3,第１２節第１日,2026/04/25,2026-04-25T14:00:00+09:00,北九州,vs,山口,ミクスタ,,ＤＡＺＮ,43,330,明治安田J2・J3百年構想 WEST-Bグループ,36,36-W-B
2026,2,第１２節第１日,2026/04/25,2026-04-25T14:00:00+09:00,鳥栖,vs,滋賀,駅スタ,,ＤＡＺＮ,33,495,明治安田J2・J3百年構想 WEST-Bグループ,36,36-W-B
2026,3,第１２節第１日,2026/04/25,2026-04-25T14:00:00+09:00,宮崎,vs,鹿児島,クロスタ,,ＤＡＺＮ,371,338,明治安田J2・J3百年構想 WEST-Bグループ,36,36-W-B
2026,3,第１２節第１日,2026/04/25,2026-04-25T19:00:00+09:00,琉球,vs,大分,沖縄県陸,,ＤＡＺＮ,277,31,明治安田J2・J3百年構想 WEST-Bグループ,36,36-W-B
2026,1,第１２節第２日,2026/04/26,2026-04-26T14:00:00+09:00,神戸,vs,京都,ノエスタ,,ＤＡＺＮ ※ＡＦＣチャンピオンズリーグエリート ２０２５／２６ 準々決勝以降に出場するクラブの試合は、５／１３（水）に開催します,18,24,明治安田J1百年構想 WESTグループ,35,35-W
2026,2,第１２節第２日,2026/04/26,2026-04-26T13:00:00+09:00,八戸,vs,秋田,プラスタ,,ＤＡＺＮ,362,270,明治安田J2・J3百年構想 EAST-Aグループ,36,36-E-A
2026,3,第１２節第２日,2026/04/26,2026-04-26T14:00:00+09:00,松本,vs,長野,サンアル,,ＤＡＺＮ,46,274,明治安田J2・J3百年構想 EAST-Bグループ,36,36-E-B
2026,3,第１２節第２日,2026/04/26,2026-04-26T14:00:00+09:00,高知,vs,徳島,ギケンス,,ＤＡＺＮ,468,36,明治安田J2・J3百年構想 WEST-Aグループ,36,36-W-A
2026,3,第１２節第２日,2026/04/26,2026-04-26T15:00:00+09:00,愛媛,vs,讃岐,ニンスタ,,ＤＡＺＮ,37,48,明治安田J2・J3百年構想 WEST-Aグループ,36,36-W-A
2026,1,第１３節第１日,2026/04/29,2026-04-29T13:00:00+09:00,東京V,vs,鹿島,味スタ,,ＤＡＺＮ,4,1,明治安田J1百年構想 EASTグループ,35,35-E
2026,1,第１３節第１日,2026/04/29,2026-04-29T14:00:00+09:00,千葉,vs,横浜FM,フクアリ,,ＤＡＺＮ／ＮＨＫ ＢＳ,2,5,明治安田J1百年構想 EASTグループ,35,35-E
2026,1,第１３節第１日,2026/04/29,2026-04-29T15:00:00+09:00,浦和,vs,川崎F,埼玉,,ＤＡＺＮ,3,21,明治安田J1百年構想 EASTグループ,35,35-E
2026,1,第１３節第１日,2026/04/29,2026-04-29T16:00:00+09:00,水戸,vs,町田,Ｋｓスタ,,ＤＡＺＮ,94,45,明治安田J1百年構想 EASTグループ,35,35-E
2026,1,第１３節第１日,2026/04/29,2026-04-29T16:00:00+09:00,柏,vs,FC東京,三協Ｆ柏,,ＤＡＺＮ,11,22,明治安田J1百年構想 EASTグループ,35,35-E
2026,1,第１３節第１日,2026/04/29,2026-04-29T13:00:00+09:00,清水,vs,長崎,アイスタ,,ＤＡＺＮ,7,47,明治安田J1百年構想 WESTグループ,35,35-W
2026,1,第１３節第１日,2026/04/29,2026-04-29T14:00:00+09:00,神戸,vs,C大阪,ノエスタ,,ＤＡＺＮ,18,20,明治安田J1百年構想 WESTグループ,35,35-W
2026,1,第１３節第１日,2026/04/29,2026-04-29T14:00:00+09:00,福岡,vs,広島,ベススタ,,ＤＡＺＮ,23,10,明治安田J1百年構想 WESTグループ,35,35-W
2026,1,第１３節第１日,2026/04/29,2026-04-29T15:00:00+09:00,名古屋,vs,岡山,パロ瑞穂,,ＤＡＺＮ,8,42,明治安田J1百年構想 WESTグループ,35,35-W
2026,1,第１３節第１日,2026/04/29,2026-04-29T15:00:00+09:00,京都,vs,G大阪,サンガＳ,,ＤＡＺＮ,24,9,明治安田J1百年構想 WESTグループ,35,35-W
2026,2,第１３節第１日,2026/04/29,2026-04-29T14:00:00+09:00,秋田,vs,山形,ソユスタ,,ＤＡＺＮ,270,29,明治安田J2・J3百年構想 EAST-Aグループ,36,36-E-A
2026,3,第１３節第１日,2026/04/29,2026-04-29T14:00:00+09:00,栃木SC,vs,湘南,カンセキ,,ＤＡＺＮ,40,12,明治安田J2・J3百年構想 EAST-Aグループ,36,36-E-A
2026,3,第１３節第１日,2026/04/29,2026-04-29T14:00:00+09:00,群馬,vs,仙台,正田スタ,,ＤＡＺＮ,35,54,明治安田J2・J3百年構想 EAST-Aグループ,36,36-E-A
2026,2,第１３節第１日,2026/04/29,2026-04-29T14:00:00+09:00,横浜FC,vs,八戸,ニッパツ,,ＤＡＺＮ,34,362,明治安田J2・J3百年構想 EAST-Aグループ,36,36-E-A
2026,3,第１３節第１日,2026/04/29,2026-04-29T14:00:00+09:00,相模原,vs,栃木C,ギオンス,,ＤＡＺＮ,273,471,明治安田J2・J3百年構想 EAST-Aグループ,36,36-E-A
2026,2,第１３節第１日,2026/04/29,2026-04-29T13:00:00+09:00,いわき,vs,岐阜,ハワスタ,,ＤＡＺＮ,386,39,明治安田J2・J3百年構想 EAST-Bグループ,36,36-E-B
2026,2,第１３節第１日,2026/04/29,2026-04-29T14:00:00+09:00,札幌,vs,藤枝,プレド,,ＤＡＺＮ,14,276,明治安田J2・J3百年構想 EAST-Bグループ,36,36-E-B
2026,2,第１３節第１日,2026/04/29,2026-04-29T14:00:00+09:00,大宮,vs,甲府,ＮＡＣＫ,,ＤＡＺＮ,27,28,明治安田J2・J3百年構想 EAST-Bグループ,36,36-E-B
2026,3,第１３節第１日,2026/04/29,2026-04-29T18:00:00+09:00,松本,vs,磐田,サンアル,,ＤＡＺＮ,46,13,明治安田J2・J3百年構想 EAST-Bグループ,36,36-E-B
2026,3,第１３節第１日,2026/04/29,2026-04-29T18:00:00+09:00,長野,vs,福島,長野Ｕ,,ＤＡＺＮ,274,271,明治安田J2・J3百年構想 EAST-Bグループ,36,36-E-B
2026,2,第１３節第１日,2026/04/29,2026-04-29T14:00:00+09:00,富山,vs,新潟,富山,,ＤＡＺＮ,41,78,明治安田J2・J3百年構想 WEST-Aグループ,36,36-W-A
2026,3,第１３節第１日,2026/04/29,2026-04-29T14:00:00+09:00,FC大阪,vs,徳島,花園,,ＤＡＺＮ,390,36,明治安田J2・J3百年構想 WEST-Aグループ,36,36-W-A
2026,3,第１３節第１日,2026/04/29,2026-04-29T14:00:00+09:00,奈良,vs,高知,ロートＦ,,ＤＡＺＮ,391,468,明治安田J2・J3百年構想 WEST-Aグループ,36,36-W-A
2026,3,第１３節第１日,2026/04/29,2026-04-29T14:00:00+09:00,讃岐,vs,金沢,●未定●,,ＤＡＺＮ,48,275,明治安田J2・J3百年構想 WEST-Aグループ,36,36-W-A
2026,3,第１３節第１日,2026/04/29,2026-04-29T17:00:00+09:00,愛媛,vs,今治,ニンスタ,,ＤＡＺＮ,37,369,明治安田J2・J3百年構想 WEST-Aグループ,36,36-W-A
2026,3,第１３節第１日,2026/04/29,2026-04-29T14:00:00+09:00,滋賀,vs,鳥取,ハトスタ,,ＤＡＺＮ,495,44,明治安田J2・J3百年構想 WEST-Bグループ,36,36-W-B
2026,3,第１３節第１日,2026/04/29,2026-04-29T14:00:00+09:00,山口,vs,琉球,みらスタ,,ＤＡＺＮ／山口朝日放送,330,277,明治安田J2・J3百年構想 WEST-Bグループ,36,36-W-B
2026,2,第１３節第１日,2026/04/29,2026-04-29T14:00:00+09:00,大分,vs,熊本,クラド,,ＤＡＺＮ,31,38,明治安田J2・J3百年構想 WEST-Bグループ,36,36-W-B
2026,3,第１３節第１日,2026/04/29,2026-04-29T14:00:00+09:00,宮崎,vs,北九州,いちご,,ＤＡＺＮ,371,43,明治安田J2・J3百年構想 WEST-Bグループ,36,36-W-B
2026,3,第１３節第１日,2026/04/29,2026-04-29T14:00:00+09:00,鹿児島,vs,鳥栖,白波スタ,,ＤＡＺＮ,338,33,明治安田J2・J3百年構想 WEST-Bグループ,36,36-W-B
2026,1,第１４節第１日,2026/05/02,2026-05-02T14:00:00+09:00,FC東京,vs,川崎F,味スタ,,ＤＡＺＮ／ＮＨＫ ＢＳ,22,21,明治安田J1百年構想 EASTグループ,35,35-E
2026,1,第１４節第１日,2026/05/02,2026-05-02T14:00:00+09:00,横浜FM,vs,水戸,日産ス,,ＤＡＺＮ,5,94,明治安田J1百年構想 EASTグループ,35,35-E
2026,1,第１４節第１日,2026/05/02,2026-05-02T16:00:00+09:00,浦和,vs,千葉,埼玉,,ＤＡＺＮ,3,2,明治安田J1百年構想 EASTグループ,35,35-E
2026,1,第１４節第１日,2026/05/02,2026-05-02T12:55:00+09:00,岡山,vs,広島,ＪＦＥス,,ＤＡＺＮ／テレビせとうち,42,10,明治安田J1百年構想 WESTグループ,35,35-W
2026,1,第１４節第１日,2026/05/02,2026-05-02T14:00:00+09:00,京都,vs,清水,サンガＳ,,ＤＡＺＮ,24,7,明治安田J1百年構想 WESTグループ,35,35-W
2026,1,第１４節第１日,2026/05/02,2026-05-02T15:00:00+09:00,G大阪,vs,神戸,パナスタ,,ＤＡＺＮ,9,18,明治安田J1百年構想 WESTグループ,35,35-W
2026,2,第１４節第１日,2026/05/02,2026-05-02T14:00:00+09:00,仙台,vs,秋田,ユアスタ,,ＤＡＺＮ,54,270,明治安田J2・J3百年構想 EAST-Aグループ,36,36-E-A
2026,2,第１４節第１日,2026/05/02,2026-05-02T14:00:00+09:00,横浜FC,vs,相模原,ニッパツ,,ＤＡＺＮ,34,273,明治安田J2・J3百年構想 EAST-Aグループ,36,36-E-A
2026,2,第１４節第１日,2026/05/02,2026-05-02T14:00:00+09:00,湘南,vs,栃木C,レモンＳ,,ＤＡＺＮ,12,471,明治安田J2・J3百年構想 EAST-Aグループ,36,36-E-A
2026,2,第１４節第１日,2026/05/02,2026-05-02T14:00:00+09:00,磐田,vs,いわき,ヤマハ,,ＤＡＺＮ,13,386,明治安田J2・J3百年構想 EAST-Bグループ,36,36-E-B
2026,3,第１４節第１日,2026/05/02,2026-05-02T14:00:00+09:00,岐阜,vs,札幌,長良川,,ＤＡＺＮ,39,14,明治安田J2・J3百年構想 EAST-Bグループ,36,36-E-B
2026,3,第１４節第１日,2026/05/02,2026-05-02T18:00:00+09:00,長野,vs,藤枝,長野Ｕ,,ＤＡＺＮ,274,276,明治安田J2・J3百年構想 EAST-Bグループ,36,36-E-B
2026,2,第１４節第１日,2026/05/02,2026-05-02T14:00:00+09:00,徳島,vs,愛媛,鳴門大塚,,ＤＡＺＮ,36,37,明治安田J2・J3百年構想 WEST-Aグループ,36,36-W-A
2026,3,第１４節第１日,2026/05/02,2026-05-02T14:00:00+09:00,高知,vs,FC大阪,ギケンス,,ＤＡＺＮ,468,390,明治安田J2・J3百年構想 WEST-Aグループ,36,36-W-A
2026,2,第１４節第１日,2026/05/02,2026-05-02T14:00:00+09:00,鳥栖,vs,宮崎,駅スタ,,ＤＡＺＮ,33,371,明治安田J2・J3百年構想 WEST-Bグループ,36,36-W-B
2026,3,第１４節第１日,2026/05/02,2026-05-02T15:00:00+09:00,鳥取,vs,山口,Ａｘｉｓ,,ＤＡＺＮ,44,330,明治安田J2・J3百年構想 WEST-Bグループ,36,36-W-B
2026,1,第１４節第２日,2026/05/03,2026-05-03T14:00:00+09:00,東京V,vs,柏,味スタ,,ＤＡＺＮ,4,11,明治安田J1百年構想 EASTグループ,35,35-E
2026,1,第１４節第２日,2026/05/03,2026-05-03T16:00:00+09:00,鹿島,vs,町田,メルスタ,,ＤＡＺＮ,1,45,明治安田J1百年構想 EASTグループ,35,35-E
2026,1,第１４節第２日,2026/05/03,2026-05-03T15:00:00+09:00,C大阪,vs,福岡,ヨドコウ,,ＤＡＺＮ,20,23,明治安田J1百年構想 WESTグループ,35,35-W
2026,1,第１４節第２日,2026/05/03,2026-05-03T17:00:00+09:00,長崎,vs,名古屋,ピースタ,,ＤＡＺＮ,47,8,明治安田J1百年構想 WESTグループ,35,35-W
2026,2,第１４節第２日,2026/05/03,2026-05-03T13:00:00+09:00,八戸,vs,群馬,プラスタ,,ＤＡＺＮ,362,35,明治安田J2・J3百年構想 EAST-Aグループ,36,36-E-A
2026,2,第１４節第２日,2026/05/03,2026-05-03T14:00:00+09:00,山形,vs,栃木SC,ＮＤスタ,,ＤＡＺＮ,29,40,明治安田J2・J3百年構想 EAST-Aグループ,36,36-E-A
2026,3,第１４節第２日,2026/05/03,2026-05-03T13:00:00+09:00,松本,vs,甲府,サンアル,,ＤＡＺＮ／テレビ信州,46,28,明治安田J2・J3百年構想 EAST-Bグループ,36,36-E-B
2026,3,第１４節第２日,2026/05/03,2026-05-03T14:00:00+09:00,福島,vs,大宮,とうスタ,,ＤＡＺＮ,271,27,明治安田J2・J3百年構想 EAST-Bグループ,36,36-E-B
2026,2,第１４節第２日,2026/05/03,2026-05-03T14:00:00+09:00,新潟,vs,讃岐,デンカＳ,,ＤＡＺＮ,78,48,明治安田J2・J3百年構想 WEST-Aグループ,36,36-W-A
2026,3,第１４節第２日,2026/05/03,2026-05-03T14:00:00+09:00,金沢,vs,富山,ゴースタ,,ＤＡＺＮ,275,41,明治安田J2・J3百年構想 WEST-Aグループ,36,36-W-A
2026,2,第１４節第２日,2026/05/03,2026-05-03T14:00:00+09:00,今治,vs,奈良,アシさと,,ＤＡＺＮ,369,391,明治安田J2・J3百年構想 WEST-Aグループ,36,36-W-A
2026,3,第１４節第２日,2026/05/03,2026-05-03T14:00:00+09:00,北九州,vs,大分,ミクスタ,,ＤＡＺＮ,43,31,明治安田J2・J3百年構想 WEST-Bグループ,36,36-W-B
2026,3,第１４節第２日,2026/05/03,2026-05-03T14:00:00+09:00,熊本,vs,滋賀,えがおＳ,,ＤＡＺＮ,38,495,明治安田J2・J3百年構想 WEST-Bグループ,36,36-W-B
2026,3,第１４節第２日,2026/05/03,2026-05-03T18:00:00+09:00,琉球,vs,鹿児島,沖縄県陸,,ＤＡＺＮ,277,338,明治安田J2・J3百年構想 WEST-Bグループ,36,36-W-B
2026,1,第１５節第１日,2026/05/06,2026-05-06T15:00:00+09:00,FC東京,vs,千葉,味スタ,,ＤＡＺＮ,22,2,明治安田J1百年構想 EASTグループ,35,35-E
2026,1,第１５節第１日,2026/05/06,2026-05-06T16:00:00+09:00,鹿島,vs,水戸,メルスタ,,ＤＡＺＮ,1,94,明治安田J1百年構想 EASTグループ,35,35-E
2026,1,第１５節第１日,2026/05/06,2026-05-06T16:00:00+09:00,町田,vs,横浜FM,Ｇスタ,,ＤＡＺＮ,45,5,明治安田J1百年構想 EASTグループ,35,35-E
2026,1,第１５節第１日,2026/05/06,2026-05-06T17:00:00+09:00,川崎F,vs,東京V,Ｕ等々力,,ＤＡＺＮ,21,4,明治安田J1百年構想 EASTグループ,35,35-E
2026,1,第１５節第１日,2026/05/06,2026-05-06T19:00:00+09:00,柏,vs,浦和,三協Ｆ柏,,ＤＡＺＮ,11,3,明治安田J1百年構想 EASTグループ,35,35-E
2026,1,第１５節第１日,2026/05/06,2026-05-06T13:00:00+09:00,清水,vs,C大阪,アイスタ,,ＤＡＺＮ,7,20,明治安田J1百年構想 WESTグループ,35,35-W
2026,1,第１５節第１日,2026/05/06,2026-05-06T13:00:00+09:00,長崎,vs,岡山,ピースタ,,ＤＡＺＮ,47,42,明治安田J1百年構想 WESTグループ,35,35-W
2026,1,第１５節第１日,2026/05/06,2026-05-06T14:00:00+09:00,名古屋,vs,G大阪,豊田ス,,ＤＡＺＮ,8,9,明治安田J1百年構想 WESTグループ,35,35-W
2026,1,第１５節第１日,2026/05/06,2026-05-06T14:00:00+09:00,福岡,vs,京都,ベススタ,,ＤＡＺＮ,23,24,明治安田J1百年構想 WESTグループ,35,35-W
2026,1,第１５節第１日,2026/05/06,2026-05-06T15:00:00+09:00,広島,vs,神戸,Ｅピース,,ＤＡＺＮ／ＮＨＫ ＢＳ,10,18,明治安田J1百年構想 WESTグループ,35,35-W
2026,2,第１５節第１日,2026/05/06,2026-05-06T14:00:00+09:00,八戸,vs,湘南,プラスタ,,ＤＡＺＮ,362,12,明治安田J2・J3百年構想 EAST-Aグループ,36,36-E-A
2026,2,第１５節第１日,2026/05/06,2026-05-06T14:00:00+09:00,仙台,vs,栃木SC,ユアスタ,,ＤＡＺＮ,54,40,明治安田J2・J3百年構想 EAST-Aグループ,36,36-E-A
2026,2,第１５節第１日,2026/05/06,2026-05-06T14:00:00+09:00,山形,vs,群馬,ＮＤスタ,,ＤＡＺＮ,29,35,明治安田J2・J3百年構想 EAST-Aグループ,36,36-E-A
2026,2,第１５節第１日,2026/05/06,2026-05-06T14:00:00+09:00,栃木C,vs,横浜FC,ＣＦＳ,,ＤＡＺＮ,471,34,明治安田J2・J3百年構想 EAST-Aグループ,36,36-E-A
2026,2,第１５節第１日,2026/05/06,2026-05-06T15:00:00+09:00,秋田,vs,相模原,ソユスタ,,ＤＡＺＮ,270,273,明治安田J2・J3百年構想 EAST-Aグループ,36,36-E-A
2026,2,第１５節第１日,2026/05/06,2026-05-06T14:00:00+09:00,札幌,vs,長野,プレド,,ＤＡＺＮ,14,274,明治安田J2・J3百年構想 EAST-Bグループ,36,36-E-B
2026,2,第１５節第１日,2026/05/06,2026-05-06T14:00:00+09:00,大宮,vs,いわき,ＮＡＣＫ,,ＤＡＺＮ,27,386,明治安田J2・J3百年構想 EAST-Bグループ,36,36-E-B
2026,2,第１５節第１日,2026/05/06,2026-05-06T14:00:00+09:00,甲府,vs,磐田,ＪＩＴス,,ＤＡＺＮ,28,13,明治安田J2・J3百年構想 EAST-Bグループ,36,36-E-B
2026,2,第１５節第１日,2026/05/06,2026-05-06T14:00:00+09:00,藤枝,vs,福島,藤枝サ,,ＤＡＺＮ,276,271,明治安田J2・J3百年構想 EAST-Bグループ,36,36-E-B
2026,3,第１５節第１日,2026/05/06,2026-05-06T19:00:00+09:00,岐阜,vs,松本,長良川,,ＤＡＺＮ,39,46,明治安田J2・J3百年構想 EAST-Bグループ,36,36-E-B
2026,2,第１５節第１日,2026/05/06,2026-05-06T14:00:00+09:00,新潟,vs,徳島,デンカＳ,,ＤＡＺＮ／新潟放送,78,36,明治安田J2・J3百年構想 WEST-Aグループ,36,36-W-A
2026,2,第１５節第１日,2026/05/06,2026-05-06T14:00:00+09:00,富山,vs,讃岐,富山,,ＤＡＺＮ,41,48,明治安田J2・J3百年構想 WEST-Aグループ,36,36-W-A
2026,3,第１５節第１日,2026/05/06,2026-05-06T14:00:00+09:00,金沢,vs,愛媛,ゴースタ,,ＤＡＺＮ,275,37,明治安田J2・J3百年構想 WEST-Aグループ,36,36-W-A
2026,3,第１５節第１日,2026/05/06,2026-05-06T14:00:00+09:00,奈良,vs,FC大阪,ロートＦ,,ＤＡＺＮ,391,390,明治安田J2・J3百年構想 WEST-Aグループ,36,36-W-A
2026,2,第１５節第１日,2026/05/06,2026-05-06T14:00:00+09:00,今治,vs,高知,アシさと,,ＤＡＺＮ／愛媛朝日テレビ,369,468,明治安田J2・J3百年構想 WEST-Aグループ,36,36-W-A
2026,3,第１５節第１日,2026/05/06,2026-05-06T14:00:00+09:00,滋賀,vs,山口,ハトスタ,,ＤＡＺＮ,495,330,明治安田J2・J3百年構想 WEST-Bグループ,36,36-W-B
2026,3,第１５節第１日,2026/05/06,2026-05-06T14:00:00+09:00,北九州,vs,熊本,ミクスタ,,ＤＡＺＮ,43,38,明治安田J2・J3百年構想 WEST-Bグループ,36,36-W-B
2026,2,第１５節第１日,2026/05/06,2026-05-06T14:00:00+09:00,鳥栖,vs,鳥取,●未定●,,ＤＡＺＮ,33,44,明治安田J2・J3百年構想 WEST-Bグループ,36,36-W-B
2026,3,第１５節第１日,2026/05/06,2026-05-06T14:00:00+09:00,宮崎,vs,琉球,いちご,,ＤＡＺＮ,371,277,明治安田J2・J3百年構想 WEST-Bグループ,36,36-W-B
2026,3,第１５節第１日,2026/05/06,2026-05-06T14:00:00+09:00,鹿児島,vs,大分,白波スタ,,ＤＡＺＮ,338,31,明治安田J2・J3百年構想 WEST-Bグループ,36,36-W-B
2026,1,第１６節第１日,2026/05/09,2026-05-09T14:00:00+09:00,水戸,vs,浦和,Ｋｓスタ,,ＤＡＺＮ／ＮＨＫ ＢＳ,94,3,明治安田J1百年構想 EASTグループ,35,35-E
2026,1,第１６節第１日,2026/05/09,2026-05-09T16:00:00+09:00,C大阪,vs,長崎,ヨドコウ,,ＤＡＺＮ,20,47,明治安田J1百年構想 WESTグループ,35,35-W
2026,3,第１６節第１日,2026/05/09,2026-05-09T14:00:00+09:00,群馬,vs,栃木C,正田スタ,,ＤＡＺＮ,35,471,明治安田J2・J3百年構想 EAST-Aグループ,36,36-E-A
2026,2,第１６節第１日,2026/05/09,2026-05-09T14:00:00+09:00,札幌,vs,大宮,プレド,,ＤＡＺＮ,14,27,明治安田J2・J3百年構想 EAST-Bグループ,36,36-E-B
2026,2,第１６節第１日,2026/05/09,2026-05-09T14:00:00+09:00,いわき,vs,甲府,ハワスタ,,ＤＡＺＮ,386,28,明治安田J2・J3百年構想 EAST-Bグループ,36,36-E-B
2026,3,第１６節第１日,2026/05/09,2026-05-09T18:00:00+09:00,長野,vs,岐阜,長野Ｕ,,ＤＡＺＮ,274,39,明治安田J2・J3百年構想 EAST-Bグループ,36,36-E-B
2026,3,第１６節第１日,2026/05/09,2026-05-09T14:00:00+09:00,FC大阪,vs,今治,花園,,ＤＡＺＮ,390,369,明治安田J2・J3百年構想 WEST-Aグループ,36,36-W-A
2026,3,第１６節第１日,2026/05/09,2026-05-09T14:00:00+09:00,山口,vs,宮崎,みらスタ,,ＤＡＺＮ,330,371,明治安田J2・J3百年構想 WEST-Bグループ,36,36-W-B
2026,1,第１６節第２日,2026/05/10,2026-05-10T14:00:00+09:00,横浜FM,vs,鹿島,日産ス,,ＤＡＺＮ,5,1,明治安田J1百年構想 EASTグループ,35,35-E
2026,1,第１６節第２日,2026/05/10,2026-05-10T15:00:00+09:00,FC東京,vs,東京V,味スタ,,ＤＡＺＮ,22,4,明治安田J1百年構想 EASTグループ,35,35-E
2026,1,第１６節第２日,2026/05/10,2026-05-10T16:00:00+09:00,柏,vs,川崎F,三協Ｆ柏,,ＤＡＺＮ,11,21,明治安田J1百年構想 EASTグループ,35,35-E
2026,1,第１６節第２日,2026/05/10,2026-05-10T17:00:00+09:00,千葉,vs,町田,フクアリ,,ＤＡＺＮ,2,45,明治安田J1百年構想 EASTグループ,35,35-E
2026,1,第１６節第２日,2026/05/10,2026-05-10T14:00:00+09:00,清水,vs,福岡,アイスタ,,ＤＡＺＮ,7,23,明治安田J1百年構想 WESTグループ,35,35-W
2026,1,第１６節第２日,2026/05/10,2026-05-10T14:00:00+09:00,神戸,vs,岡山,ノエスタ,,ＤＡＺＮ,18,42,明治安田J1百年構想 WESTグループ,35,35-W
2026,1,第１６節第２日,2026/05/10,2026-05-10T15:00:00+09:00,G大阪,vs,広島,パナスタ,,ＤＡＺＮ,9,10,明治安田J1百年構想 WESTグループ,35,35-W
2026,1,第１６節第２日,2026/05/10,2026-05-10T16:00:00+09:00,名古屋,vs,京都,豊田ス,,ＤＡＺＮ,8,24,明治安田J1百年構想 WESTグループ,35,35-W
2026,2,第１６節第２日,2026/05/10,2026-05-10T14:00:00+09:00,八戸,vs,仙台,プラスタ,,ＤＡＺＮ,362,54,明治安田J2・J3百年構想 EAST-Aグループ,36,36-E-A
2026,2,第１６節第２日,2026/05/10,2026-05-10T14:00:00+09:00,山形,vs,相模原,ＮＤスタ,,ＤＡＺＮ,29,273,明治安田J2・J3百年構想 EAST-Aグループ,36,36-E-A
2026,3,第１６節第２日,2026/05/10,2026-05-10T14:00:00+09:00,栃木SC,vs,秋田,カンセキ,,ＤＡＺＮ,40,270,明治安田J2・J3百年構想 EAST-Aグループ,36,36-E-A
2026,2,第１６節第２日,2026/05/10,2026-05-10T14:00:00+09:00,湘南,vs,横浜FC,レモンＳ,,ＤＡＺＮ,12,34,明治安田J2・J3百年構想 EAST-Aグループ,36,36-E-A
2026,3,第１６節第２日,2026/05/10,2026-05-10T14:00:00+09:00,福島,vs,磐田,とうスタ,,ＤＡＺＮ,271,13,明治安田J2・J3百年構想 EAST-Bグループ,36,36-E-B
2026,3,第１６節第２日,2026/05/10,2026-05-10T14:00:00+09:00,松本,vs,藤枝,サンアル,,ＤＡＺＮ,46,276,明治安田J2・J3百年構想 EAST-Bグループ,36,36-E-B
2026,3,第１６節第２日,2026/05/10,2026-05-10T13:30:00+09:00,金沢,vs,新潟,ゴースタ,,ＤＡＺＮ／北陸放送,275,78,明治安田J2・J3百年構想 WEST-Aグループ,36,36-W-A
2026,3,第１６節第２日,2026/05/10,2026-05-10T14:00:00+09:00,讃岐,vs,高知,メグスタ,,ＤＡＺＮ,48,468,明治安田J2・J3百年構想 WEST-Aグループ,36,36-W-A
2026,2,第１６節第２日,2026/05/10,2026-05-10T14:00:00+09:00,徳島,vs,奈良,鳴門大塚,,ＤＡＺＮ,36,391,明治安田J2・J3百年構想 WEST-Aグループ,36,36-W-A
2026,3,第１６節第２日,2026/05/10,2026-05-10T15:00:00+09:00,愛媛,vs,富山,ニンスタ,,ＤＡＺＮ,37,41,明治安田J2・J3百年構想 WEST-Aグループ,36,36-W-A
2026,3,第１６節第２日,2026/05/10,2026-05-10T14:00:00+09:00,滋賀,vs,鹿児島,ハトスタ,,ＤＡＺＮ,495,338,明治安田J2・J3百年構想 WEST-Bグループ,36,36-W-B
2026,3,第１６節第２日,2026/05/10,2026-05-10T14:00:00+09:00,鳥取,vs,北九州,Ａｘｉｓ,,ＤＡＺＮ,44,43,明治安田J2・J3百年構想 WEST-Bグループ,36,36-W-B
2026,3,第１６節第２日,2026/05/10,2026-05-10T14:00:00+09:00,熊本,vs,琉球,えがおＳ,,ＤＡＺＮ,38,277,明治安田J2・J3百年構想 WEST-Bグループ,36,36-W-B
2026,2,第１６節第２日,2026/05/10,2026-05-10T14:00:00+09:00,大分,vs,鳥栖,クラド,,ＤＡＺＮ,31,33,明治安田J2・J3百年構想 WEST-Bグループ,36,36-W-B
2026,1,第１７節第１日,2026/05/16,2026-05-16T14:00:00+09:00,水戸,vs,東京V,Ｋｓスタ,,ＤＡＺＮ,94,4,明治安田J1百年構想 EASTグループ,35,35-E
2026,1,第１７節第１日,2026/05/16,2026-05-16T16:00:00+09:00,浦和,vs,FC東京,埼玉,,ＤＡＺＮ,3,22,明治安田J1百年構想 EASTグループ,35,35-E
2026,1,第１７節第１日,2026/05/16,2026-05-16T17:00:00+09:00,横浜FM,vs,柏,日産ス,,ＤＡＺＮ,5,11,明治安田J1百年構想 EASTグループ,35,35-E
2026,2,第１７節第１日,2026/05/16,2026-05-16T14:00:00+09:00,栃木C,vs,山形,ＣＦＳ,,ＤＡＺＮ,471,29,明治安田J2・J3百年構想 EAST-Aグループ,36,36-E-A
2026,2,第１７節第１日,2026/05/16,2026-05-16T14:00:00+09:00,湘南,vs,仙台,レモンＳ,,ＤＡＺＮ,12,54,明治安田J2・J3百年構想 EAST-Aグループ,36,36-E-A
2026,3,第１７節第１日,2026/05/16,2026-05-16T14:00:00+09:00,相模原,vs,八戸,ギオンス,,ＤＡＺＮ,273,362,明治安田J2・J3百年構想 EAST-Aグループ,36,36-E-A
2026,3,第１７節第１日,2026/05/16,2026-05-16T14:00:00+09:00,福島,vs,札幌,とうスタ,,ＤＡＺＮ,271,14,明治安田J2・J3百年構想 EAST-Bグループ,36,36-E-B
2026,2,第１７節第１日,2026/05/16,2026-05-16T14:30:00+09:00,磐田,vs,藤枝,ヤマハ,,ＤＡＺＮ／静岡放送,13,276,明治安田J2・J3百年構想 EAST-Bグループ,36,36-E-B
2026,2,第１７節第１日,2026/05/16,2026-05-16T16:00:00+09:00,甲府,vs,岐阜,ＪＩＴス,,ＤＡＺＮ,28,39,明治安田J2・J3百年構想 EAST-Bグループ,36,36-E-B
2026,2,第１７節第１日,2026/05/16,2026-05-16T14:00:00+09:00,新潟,vs,奈良,デンカＳ,,ＤＡＺＮ,78,391,明治安田J2・J3百年構想 WEST-Aグループ,36,36-W-A
2026,2,第１７節第１日,2026/05/16,2026-05-16T14:00:00+09:00,鳥栖,vs,山口,駅スタ,,ＤＡＺＮ,33,330,明治安田J2・J3百年構想 WEST-Bグループ,36,36-W-B
2026,1,第１７節第２日,2026/05/17,2026-05-17T14:00:00+09:00,千葉,vs,鹿島,フクアリ,,ＤＡＺＮ,2,1,明治安田J1百年構想 EASTグループ,35,35-E
2026,1,第１７節第２日,2026/05/17,2026-05-17T19:00:00+09:00,川崎F,vs,町田,Ｕ等々力,,ＤＡＺＮ,21,45,明治安田J1百年構想 EASTグループ,35,35-E
2026,1,第１７節第１日,2026/05/17,2026-05-17T13:00:00+09:00,長崎,vs,神戸,ピースタ,,ＤＡＺＮ,47,18,明治安田J1百年構想 WESTグループ,35,35-W
2026,1,第１７節第１日,2026/05/17,2026-05-17T14:00:00+09:00,岡山,vs,清水,ＪＦＥス,,ＤＡＺＮ,42,7,明治安田J1百年構想 WESTグループ,35,35-W
2026,1,第１７節第１日,2026/05/17,2026-05-17T15:00:00+09:00,京都,vs,広島,サンガＳ,,ＤＡＺＮ,24,10,明治安田J1百年構想 WESTグループ,35,35-W
2026,1,第１７節第１日,2026/05/17,2026-05-17T15:00:00+09:00,C大阪,vs,名古屋,ヨドコウ,,ＤＡＺＮ,20,8,明治安田J1百年構想 WESTグループ,35,35-W
2026,1,第１７節第１日,2026/05/17,2026-05-17T16:00:00+09:00,G大阪,vs,福岡,パナスタ,,ＤＡＺＮ ※ＡＦＣチャンピオンズリーグ２ ２０２５／２６ 準決勝以降に出場するクラブの試合は、４／２２（水）に開催します,9,23,明治安田J1百年構想 WESTグループ,35,35-W
2026,2,第１７節第２日,2026/05/17,2026-05-17T14:00:00+09:00,秋田,vs,群馬,ソユスタ,,ＤＡＺＮ,270,35,明治安田J2・J3百年構想 EAST-Aグループ,36,36-E-A
2026,2,第１７節第２日,2026/05/17,2026-05-17T14:00:00+09:00,横浜FC,vs,栃木SC,ニッパツ,,ＤＡＺＮ,34,40,明治安田J2・J3百年構想 EAST-Aグループ,36,36-E-A
2026,2,第１７節第２日,2026/05/17,2026-05-17T14:00:00+09:00,いわき,vs,松本,ハワスタ,,ＤＡＺＮ,386,46,明治安田J2・J3百年構想 EAST-Bグループ,36,36-E-B
2026,2,第１７節第２日,2026/05/17,2026-05-17T14:00:00+09:00,大宮,vs,長野,ＮＡＣＫ,,ＤＡＺＮ,27,274,明治安田J2・J3百年構想 EAST-Bグループ,36,36-E-B
2026,2,第１７節第２日,2026/05/17,2026-05-17T14:00:00+09:00,富山,vs,徳島,富山,,ＤＡＺＮ,41,36,明治安田J2・J3百年構想 WEST-Aグループ,36,36-W-A
2026,3,第１７節第２日,2026/05/17,2026-05-17T14:00:00+09:00,FC大阪,vs,金沢,花園,,ＤＡＺＮ,390,275,明治安田J2・J3百年構想 WEST-Aグループ,36,36-W-A
2026,2,第１７節第２日,2026/05/17,2026-05-17T14:00:00+09:00,今治,vs,讃岐,アシさと,,ＤＡＺＮ,369,48,明治安田J2・J3百年構想 WEST-Aグループ,36,36-W-A
2026,3,第１７節第２日,2026/05/17,2026-05-17T14:00:00+09:00,高知,vs,愛媛,ギケンス,,ＤＡＺＮ,468,37,明治安田J2・J3百年構想 WEST-Aグループ,36,36-W-A
2026,2,第１７節第２日,2026/05/17,2026-05-17T14:00:00+09:00,大分,vs,宮崎,クラド,,ＤＡＺＮ,31,371,明治安田J2・J3百年構想 WEST-Bグループ,36,36-W-B
2026,3,第１７節第２日,2026/05/17,2026-05-17T14:00:00+09:00,鹿児島,vs,熊本,白波スタ,,ＤＡＺＮ,338,38,明治安田J2・J3百年構想 WEST-Bグループ,36,36-W-B
2026,3,第１７節第２日,2026/05/17,2026-05-17T18:00:00+09:00,琉球,vs,鳥取,沖縄県陸,,ＤＡＺＮ,277,44,明治安田J2・J3百年構想 WEST-Bグループ,36,36-W-B
2026,3,第１７節第２日,2026/05/17,2026-05-17T00:00:00+09:00,滋賀,vs,北九州,ハトスタ,,ＤＡＺＮ,495,43,明治安田J2・J3百年構想 WEST-Bグループ,36,36-W-B
2026,1,第１８節第１日,2026/05/22,2026-05-22T19:30:00+09:00,町田,vs,浦和,MUFG国立,,ＤＡＺＮ,45,3,明治安田J1百年構想 EASTグループ,35,35-E
2026,1,第１８節第２日,2026/05/23,2026-05-23T17:30:00+09:00,鹿島,vs,FC東京,メルスタ,,ＤＡＺＮ／ＮＨＫ ＢＳ,1,22,明治安田J1百年構想 EASTグループ,35,35-E
2026,1,第１８節第２日,2026/05/23,2026-05-23T18:00:00+09:00,柏,vs,千葉,三協Ｆ柏,,ＤＡＺＮ,11,2,明治安田J1百年構想 EASTグループ,35,35-E
2026,1,第１８節第１日,2026/05/23,2026-05-23T14:00:00+09:00,広島,vs,名古屋,Ｅピース,,ＤＡＺＮ／ＮＨＫ広島,10,8,明治安田J1百年構想 WESTグループ,35,35-W
2026,1,第１８節第１日,2026/05/23,2026-05-23T14:00:00+09:00,福岡,vs,神戸,ベススタ,,ＤＡＺＮ／テレビ西日本,23,18,明治安田J1百年構想 WESTグループ,35,35-W
2026,1,第１８節第１日,2026/05/23,2026-05-23T19:00:00+09:00,京都,vs,長崎,サンガＳ,,ＤＡＺＮ,24,47,明治安田J1百年構想 WESTグループ,35,35-W
2026,2,第１８節第１日,2026/05/23,2026-05-23T14:00:00+09:00,仙台,vs,横浜FC,ユアスタ,,ＤＡＺＮ,54,34,明治安田J2・J3百年構想 EAST-Aグループ,36,36-E-A
2026,3,第１８節第１日,2026/05/23,2026-05-23T14:00:00+09:00,群馬,vs,相模原,正田スタ,,ＤＡＺＮ,35,273,明治安田J2・J3百年構想 EAST-Aグループ,36,36-E-A
2026,2,第１８節第１日,2026/05/23,2026-05-23T14:00:00+09:00,札幌,vs,磐田,プレド,,ＤＡＺＮ,14,13,明治安田J2・J3百年構想 EAST-Bグループ,36,36-E-B
2026,2,第１８節第１日,2026/05/23,2026-05-23T14:00:00+09:00,藤枝,vs,いわき,藤枝サ,,ＤＡＺＮ,276,386,明治安田J2・J3百年構想 EAST-Bグループ,36,36-E-B
2026,3,第１８節第１日,2026/05/23,2026-05-23T14:00:00+09:00,岐阜,vs,大宮,長良川,,ＤＡＺＮ,39,27,明治安田J2・J3百年構想 EAST-Bグループ,36,36-E-B
2026,3,第１８節第１日,2026/05/23,2026-05-23T16:00:00+09:00,長野,vs,甲府,長野Ｕ,,ＤＡＺＮ,274,28,明治安田J2・J3百年構想 EAST-Bグループ,36,36-E-B
2026,2,第１８節第１日,2026/05/23,2026-05-23T14:00:00+09:00,新潟,vs,愛媛,デンカＳ,,ＤＡＺＮ,78,37,明治安田J2・J3百年構想 WEST-Aグループ,36,36-W-A
2026,3,第１８節第１日,2026/05/23,2026-05-23T14:00:00+09:00,奈良,vs,富山,ロートＦ,,ＤＡＺＮ,391,41,明治安田J2・J3百年構想 WEST-Aグループ,36,36-W-A
2026,3,第１８節第１日,2026/05/23,2026-05-23T14:00:00+09:00,山口,vs,熊本,みらスタ,,ＤＡＺＮ／テレビ山口,330,38,明治安田J2・J3百年構想 WEST-Bグループ,36,36-W-B
2026,2,第１８節第１日,2026/05/23,2026-05-23T14:00:00+09:00,鳥栖,vs,琉球,駅スタ,,ＤＡＺＮ,33,277,明治安田J2・J3百年構想 WEST-Bグループ,36,36-W-B
2026,1,第１８節第３日,2026/05/24,2026-05-24T14:00:00+09:00,水戸,vs,川崎F,Ｋｓスタ,,ＤＡＺＮ,94,21,明治安田J1百年構想 EASTグループ,35,35-E
2026,1,第１８節第３日,2026/05/24,2026-05-24T14:00:00+09:00,東京V,vs,横浜FM,味スタ,,ＤＡＺＮ,4,5,明治安田J1百年構想 EASTグループ,35,35-E
2026,1,第１８節第２日,2026/05/24,2026-05-24T12:55:00+09:00,岡山,vs,C大阪,ＪＦＥス,,ＤＡＺＮ／岡山放送,42,20,明治安田J1百年構想 WESTグループ,35,35-W
2026,1,第１８節第２日,2026/05/24,2026-05-24T17:00:00+09:00,清水,vs,G大阪,MUFG国立,,ＤＡＺＮ,7,9,明治安田J1百年構想 WESTグループ,35,35-W
2026,2,第１８節第２日,2026/05/24,2026-05-24T13:00:00+09:00,八戸,vs,栃木SC,プラスタ,,ＤＡＺＮ,362,40,明治安田J2・J3百年構想 EAST-Aグループ,36,36-E-A
2026,2,第１８節第２日,2026/05/24,2026-05-24T14:00:00+09:00,秋田,vs,栃木C,ソユスタ,,ＤＡＺＮ,270,471,明治安田J2・J3百年構想 EAST-Aグループ,36,36-E-A
2026,2,第１８節第２日,2026/05/24,2026-05-24T14:00:00+09:00,山形,vs,湘南,ＮＤスタ,,ＤＡＺＮ,29,12,明治安田J2・J3百年構想 EAST-Aグループ,36,36-E-A
2026,3,第１８節第２日,2026/05/24,2026-05-24T14:00:00+09:00,松本,vs,福島,サンアル,,ＤＡＺＮ,46,271,明治安田J2・J3百年構想 EAST-Bグループ,36,36-E-B
2026,3,第１８節第２日,2026/05/24,2026-05-24T14:00:00+09:00,金沢,vs,高知,ゴースタ,,ＤＡＺＮ,275,468,明治安田J2・J3百年構想 WEST-Aグループ,36,36-W-A
2026,3,第１８節第２日,2026/05/24,2026-05-24T14:00:00+09:00,讃岐,vs,FC大阪,メグスタ,,ＤＡＺＮ,48,390,明治安田J2・J3百年構想 WEST-Aグループ,36,36-W-A
2026,2,第１８節第２日,2026/05/24,2026-05-24T14:00:00+09:00,徳島,vs,今治,鳴門大塚,,ＤＡＺＮ,36,369,明治安田J2・J3百年構想 WEST-Aグループ,36,36-W-A
2026,3,第１８節第２日,2026/05/24,2026-05-24T14:00:00+09:00,鳥取,vs,大分,Ａｘｉｓ,,ＤＡＺＮ,44,31,明治安田J2・J3百年構想 WEST-Bグループ,36,36-W-B
2026,3,第１８節第２日,2026/05/24,2026-05-24T14:00:00+09:00,北九州,vs,鹿児島,ミクスタ,,ＤＡＺＮ,43,338,明治安田J2・J3百年構想 WEST-Bグループ,36,36-W-B
2026,3,第１８節第２日,2026/05/24,2026-05-24T14:00:00+09:00,宮崎,vs,滋賀,いちご,,ＤＡＺＮ,371,495,明治安田J2・J3百年構想 WEST-Bグループ,36,36-W-B
2026,1,第１戦第１日,2026/05/30,2026-05-30T14:00:00+09:00,広島,vs,未定,Ｅピース,,ＤＡＺＮ,10,,明治安田J1百年構想 プレーオフラウンド,35,
2026,1,第１戦第１日,2026/05/30,2026-05-30T15:00:00+09:00,C大阪,vs,未定,ヨドコウ,,ＤＡＺＮ,20,,明治安田J1百年構想 プレーオフラウンド,35,
2026,1,第１戦第１日,2026/05/30,2026-05-30T15:00:00+09:00,神戸,vs,未定,ノエスタ,,ＤＡＺＮ,18,,明治安田J1百年構想 プレーオフラウンド,35,
2026,1,第１戦第１日,2026/05/30,2026-05-30T16:00:00+09:00,G大阪,vs,未定,パナスタ,,ＤＡＺＮ,9,,明治安田J1百年構想 プレーオフラウンド,35,
2026,1,第１戦第１日,2026/05/30,2026-05-30T16:00:00+09:00,福岡,vs,未定,ベススタ,,ＤＡＺＮ,23,,明治安田J1百年構想 プレーオフラウンド,35,
2026,1,第１戦第１日,2026/05/30,2026-05-30T17:00:00+09:00,長崎,vs,未定,ピースタ,,ＤＡＺＮ,47,,明治安田J1百年構想 プレーオフラウンド,35,
2026,1,第１戦第１日,2026/05/30,2026-05-30T19:00:00+09:00,京都,vs,未定,サンガＳ,,ＤＡＺＮ,24,,明治安田J1百年構想 プレーオフラウンド,35,
2026,2,第１戦第１日,2026/05/30,2026-05-30T14:00:00+09:00,仙台,vs,未定,ユアスタ,,ＤＡＺＮ,54,,明治安田J2・J3百年構想 プレーオフラウンド,36,
2026,2,第１戦第１日,2026/05/30,2026-05-30T14:00:00+09:00,栃木C,vs,未定,ＣＦＳ,,ＤＡＺＮ,471,,明治安田J2・J3百年構想 プレーオフラウンド,36,
2026,2,第１戦第１日,2026/05/30,2026-05-30T14:00:00+09:00,横浜FC,vs,未定,ニッパツ,,ＤＡＺＮ,34,,明治安田J2・J3百年構想 プレーオフラウンド,36,
2026,2,第１戦第１日,2026/05/30,2026-05-30T14:00:00+09:00,湘南,vs,未定,レモンＳ,,ＤＡＺＮ,12,,明治安田J2・J3百年構想 プレーオフラウンド,36,
2026,3,第１戦第１日,2026/05/30,2026-05-30T14:00:00+09:00,相模原,vs,未定,ギオンス,,ＤＡＺＮ,273,,明治安田J2・J3百年構想 プレーオフラウンド,36,
2026,2,第１戦第１日,2026/05/30,2026-05-30T14:00:00+09:00,新潟,vs,未定,デンカＳ,,ＤＡＺＮ,78,,明治安田J2・J3百年構想 プレーオフラウンド,36,
2026,3,第１戦第１日,2026/05/30,2026-05-30T14:00:00+09:00,FC大阪,vs,未定,花園,,ＤＡＺＮ,390,,明治安田J2・J3百年構想 プレーオフラウンド,36,
2026,3,第１戦第１日,2026/05/30,2026-05-30T14:00:00+09:00,奈良,vs,未定,ロートＦ,,ＤＡＺＮ,391,,明治安田J2・J3百年構想 プレーオフラウンド,36,
2026,2,第１戦第１日,2026/05/30,2026-05-30T14:00:00+09:00,徳島,vs,未定,鳴門大塚,,ＤＡＺＮ,36,,明治安田J2・J3百年構想 プレーオフラウンド,36,
2026,3,第１戦第１日,2026/05/30,2026-05-30T14:00:00+09:00,高知,vs,未定,ギケンス,,ＤＡＺＮ,468,,明治安田J2・J3百年構想 プレーオフラウンド,36,
2026,3,第１戦第１日,2026/05/30,2026-05-30T16:00:00+09:00,愛媛,vs,未定,ニンスタ,,ＤＡＺＮ,37,,明治安田J2・J3百年構想 プレーオフラウンド,36,
2026,1,第１戦第２日,2026/05/31,2026-05-31T14:00:00+09:00,清水,vs,未定,アイスタ,,ＤＡＺＮ,7,,明治安田J1百年構想 プレーオフラウンド,35,
2026,2,第１戦第２日,2026/05/31,2026-05-31T14:00:00+09:00,秋田,vs,未定,ソユスタ,,ＤＡＺＮ,270,,明治安田J2・J3百年構想 プレーオフラウンド,36,
2026,2,第１戦第２日,2026/05/31,2026-05-31T14:00:00+09:00,山形,vs,未定,ＮＤスタ,,ＤＡＺＮ,29,,明治安田J2・J3百年構想 プレーオフラウンド,36,
2026,3,第１戦第２日,2026/05/31,2026-05-31T14:00:00+09:00,栃木SC,vs,未定,カンセキ,,ＤＡＺＮ,40,,明治安田J2・J3百年構想 プレーオフラウンド,36,
2026,3,第１戦第２日,2026/05/31,2026-05-31T14:00:00+09:00,群馬,vs,未定,正田スタ,,ＤＡＺＮ,35,,明治安田J2・J3百年構想 プレーオフラウンド,36,
2026,3,第１戦第２日,2026/05/31,2026-05-31T14:00:00+09:00,金沢,vs,未定,ゴースタ,,ＤＡＺＮ,275,,明治安田J2・J3百年構想 プレーオフラウンド,36,
2026,3,第１戦第２日,2026/05/31,2026-05-31T14:00:00+09:00,讃岐,vs,未定,メグスタ,,ＤＡＺＮ,48,,明治安田J2・J3百年構想 プレーオフラウンド,36,
2026,2,第１戦第２日,2026/05/31,2026-05-31T14:00:00+09:00,今治,vs,未定,アシさと,,ＤＡＺＮ,369,,明治安田J2・J3百年構想 プレーオフラウンド,36,
2026,1,第２戦第１日,2026/06/06,2026-06-06T14:00:00+09:00,千葉,vs,未定,フクアリ,,ＤＡＺＮ,2,,明治安田J1百年構想 プレーオフラウンド,35,
2026,1,第２戦第１日,2026/06/06,2026-06-06T14:00:00+09:00,FC東京,vs,未定,MUFG国立,,ＤＡＺＮ,22,,明治安田J1百年構想 プレーオフラウンド,35,
2026,1,第２戦第１日,2026/06/06,2026-06-06T15:00:00+09:00,鹿島,vs,未定,メルスタ,,ＤＡＺＮ,1,,明治安田J1百年構想 プレーオフラウンド,35,
2026,1,第２戦第１日,2026/06/06,2026-06-06T15:00:00+09:00,水戸,vs,未定,Ｋｓスタ,,ＤＡＺＮ,94,,明治安田J1百年構想 プレーオフラウンド,35,
2026,1,第２戦第１日,2026/06/06,2026-06-06T15:00:00+09:00,町田,vs,未定,Ｇスタ,,ＤＡＺＮ,45,,明治安田J1百年構想 プレーオフラウンド,35,
2026,1,第２戦第１日,2026/06/06,2026-06-06T16:00:00+09:00,浦和,vs,未定,埼玉,,ＤＡＺＮ,3,,明治安田J1百年構想 プレーオフラウンド,35,
2026,1,第２戦第１日,2026/06/06,2026-06-06T16:00:00+09:00,東京V,vs,未定,味スタ,,ＤＡＺＮ,4,,明治安田J1百年構想 プレーオフラウンド,35,
2026,1,第２戦第１日,2026/06/06,2026-06-06T17:00:00+09:00,横浜FM,vs,未定,日産ス,,ＤＡＺＮ,5,,明治安田J1百年構想 プレーオフラウンド,35,
2026,1,第２戦第１日,2026/06/06,2026-06-06T18:00:00+09:00,柏,vs,未定,三協Ｆ柏,,ＤＡＺＮ,11,,明治安田J1百年構想 プレーオフラウンド,35,
2026,1,第２戦第１日,2026/06/06,2026-06-06T19:00:00+09:00,川崎F,vs,未定,Ｕ等々力,,ＤＡＺＮ,21,,明治安田J1百年構想 プレーオフラウンド,35,
2026,1,第１戦第３日,未定,1970-01-01T09:00:00+09:00,名古屋,vs,未定,●未定●,,ＤＡＺＮ,8,,明治安田J1百年構想 プレーオフラウンド,35,
2026,1,第１戦第３日,未定,1970-01-01T09:00:00+09:00,岡山,vs,未定,●未定●,,ＤＡＺＮ,42,,明治安田J1百年構想 プレーオフラウンド,35,
2026,2,第１戦第３日,未定,1970-01-01T09:00:00+09:00,八戸,vs,未定,●未定●,,ＤＡＺＮ,362,,明治安田J2・J3百年構想 プレーオフラウンド,36,
2026,2,第１戦第３日,未定,1970-01-01T09:00:00+09:00,富山,vs,未定,●未定●,,ＤＡＺＮ,41,,明治安田J2・J3百年構想 プレーオフラウンド,36,
